Simpson_Race_DI,Simpson_Ethnic_DI,Shannon_Race_DI,Shannon_Ethnic_DI,Gini_Index,Num_Contaminants,Sum_ContaminantFactor,Avg_Contaminant_Factor,Target,Label
0.30941327939339736,0.2178255743095885,0.9481241573383041,0.37556938834972386,0.4428,4,4744,1186.0,0,Low Priority
0.5733948419615731,0.1419424584074288,1.3050867447880286,0.27108635147975196,0.4191,9,4987,554.11,1,High Priority
0.6187087896092828,0.197811277740922,1.464586638405741,0.34920640741246206,0.4607,20,15583,779.15,1,High Priority
0.43090999786841955,0.2002625166545997,1.1619432918675532,0.35247527301091264,0.4561,11,5456,496.0,1,High Priority
0.29028823025470496,0.237761671562984,0.9194843345646398,0.40112358728417674,0.4287,1,42,42.0,0,Low Priority
0.13916656331390298,0.03220637479846211,0.43625800880536025,0.08352763995020301,0.4784,3,760,253.33,0,Low Priority
0.14497587282842128,0.03351391339051657,0.4472706052651555,0.08630837506259922,0.4265,4,7408,1852.0,0,Low Priority
0.07017083669626045,0.04552506501659048,0.31515096103883694,0.1105450148799697,0.4492,1,343,343.0,0,Low Priority
0.1829785439258078,0.04323718008747246,0.5303449861989523,0.1061174201228555,0.437,10,11277,1127.7,0,Low Priority
0.12759987207226842,0.08251338685095888,0.4726344408234411,0.17767572817167268,0.3932,2,786,393.0,0,Low Priority
0.2475398548148584,0.06068435694633556,0.7115408613350739,0.13931139387277525,0.4317,4,5177,1294.25,0,Low Priority
0.3186583003485791,0.06476002233127254,0.8413158571482765,0.1467130475124593,0.4548,22,18051,820.5,0,Low Priority
0.14086346681100925,0.07646187100565371,0.49052784412879236,0.16733335840679123,0.4255,9,4384,487.11,0,Low Priority
0.18834150432741226,0.06349002245161783,0.5605053468768766,0.1443709469110996,0.4723,4,5259,1314.75,0,Low Priority
0.12635493167239942,0.05380151130825106,0.41348597515980806,0.12647512783161916,0.4201,3,892,297.33,0,Low Priority
0.31852205135234535,0.09496439665021228,0.8922410858217006,0.19845487731883804,0.4603,6,4142,690.33,0,Low Priority
0.1045613438391626,0.022353230164578686,0.3372887789982417,0.061890750665722645,0.4845,2,648,324.0,0,Low Priority
0.10037924662402276,0.036636815920398025,0.3437049153604613,0.09276421922383213,0.4358,1,1551,1551.0,0,Low Priority
0.10652338017338792,0.04103576379609186,0.37533382321204584,0.10170834999689948,0.443,5,2487,497.4,0,Low Priority
0.25118637473684735,0.029837925128220255,0.610742665984536,0.07849634418672018,0.4007,7,6705,957.86,0,Low Priority
0.16413996297738698,0.05085842687603592,0.5055413477643623,0.12094046709751352,0.4077,6,3733,622.17,0,Low Priority
0.22887145737868708,0.07571607169702699,0.6794390608448992,0.16606470402421006,0.4321,9,5812,645.78,0,Low Priority
0.0973081947044252,0.04473848408917591,0.3572891033752112,0.10906617196535932,0.4688,3,2409,803.0,0,Low Priority
0.18243948155734357,0.0684998248689207,0.5548353886200591,0.15338751866063324,0.4204,11,9428,857.09,0,Low Priority
0.16671297195106094,0.035447857548106865,0.4986960601518211,0.0903302809341015,0.4415,1,1557,1557.0,0,Low Priority
0.32310671222584253,0.04611008609401057,0.7658433598937505,0.11177603773451494,0.5002,3,2114,704.67,0,Low Priority
0.10239830821256057,0.04422380290164618,0.36542440595154313,0.10806637711688079,0.4072,14,13126,937.57,0,Low Priority
0.3822577137867337,0.022232055851675425,0.7467397070575638,0.06163147671141525,0.4961,2,2796,1398.0,0,Low Priority
0.12964123166091057,0.046027337068248464,0.42332127653525,0.11159884329547738,0.3706,10,11056,1105.6,0,Low Priority
0.2567605055420801,0.03181000027253866,0.5879945571725808,0.08270098237872492,0.5131,3,1283,427.67,0,Low Priority
0.07138408374018046,0.0224378679203584,0.2753829852997523,0.062033840805459234,0.4129,1,414,414.0,0,Low Priority
0.25588054490254575,0.12604008550487467,0.7984697337140476,0.24734955001217895,0.4615,8,2852,356.5,0,Low Priority
0.07135238993675652,0.03926455104075943,0.2883032429558743,0.09812568175537431,0.3791,5,673,134.6,0,Low Priority
0.16371559217204767,0.053419291964841076,0.5192590610422925,0.12580814560850404,0.4674,6,6094,1015.67,0,Low Priority
0.15291983317073632,0.030972059137660657,0.4529780786085767,0.0809037051283414,0.482,1,789,789.0,0,Low Priority
0.13915495324253346,0.07152819876237981,0.47462373673257685,0.15874239237189605,0.3938,5,6229,1245.8,0,Low Priority
0.25273787164928485,0.2181490367270592,0.8307218902213069,0.3759634161661112,0.4514,4,5372,1343.0,1,High Priority
0.3251705236514786,0.12267737838044357,0.9276007533560806,0.2422317141818407,0.4314,7,7497,1071.0,1,High Priority
0.08783270005151289,0.018908499450743577,0.2850054047145361,0.05389059038023267,0.4652,6,3345,557.5,0,Low Priority
0.19870593914614076,0.07358142357097519,0.600452012129373,0.16235275690463913,0.4934,2,3377,1688.5,0,Low Priority
0.2487291415502546,0.10702723767940547,0.7463218597567624,0.21787861474548254,0.444,3,3208,1069.33,0,Low Priority
0.284398783576417,0.1220633394150179,0.8328599890586903,0.24129304889356135,0.4808,7,10514,1502.0,1,High Priority
0.5872439938347445,0.3675334693062199,1.5559799165651125,0.5541053289955868,0.4638,17,21227,1248.65,1,High Priority
0.19573669660864357,0.0680322257243583,0.6025059314018412,0.15257270509708065,0.4397,10,13809,1380.9,0,Low Priority
0.4507852078146838,0.034217103092590184,0.8655896258535667,0.08778442138473166,0.4973,7,7381,1054.43,0,Low Priority
0.5143142652301316,0.12723428619577815,1.1684094289856681,0.24916369016790252,0.4491,19,5370,282.63,1,High Priority
0.44156607649923596,0.047105828110107995,0.8822903832238841,0.11371255798059872,0.4797,12,904,75.33,0,Low Priority
0.3997207422780038,0.0895758042703182,0.9562140659507183,0.18957431792661325,0.4594,1,1096,1096.0,0,Low Priority
0.515463995731543,0.020962648123059147,0.8944308499795497,0.05870785123822084,0.4236,11,1239,112.64,0,Low Priority
0.5549427010069294,0.04923904930249079,1.041951177938298,0.11784412908397263,0.4736,5,387,77.4,0,Low Priority
0.47929399063616207,0.21892249388894958,1.237980337991505,0.37699238943516944,0.4762,13,12426,955.85,1,High Priority
0.540898437191548,0.0666103044286277,1.0417683723126474,0.15002747507871195,0.4548,3,180,60.0,0,Low Priority
0.5106299030136257,0.1331586247383596,1.183210781893111,0.25807419266432874,0.516,6,2389,398.17,0,Low Priority
0.4448413725126579,0.09391869350429016,1.0051934313791873,0.19674107275374525,0.4817,7,9454,1350.57,0,Low Priority
0.5373413174197483,0.04802458904801976,1.0285908891618398,0.11550280033229267,0.4504,8,9696,1212.0,0,Low Priority
0.5520651676147761,0.056551111612377025,1.0397327455940732,0.1316795319613518,0.4834,4,413,103.25,0,Low Priority
0.5401875697950889,0.04340009208850115,0.9897634987570736,0.10645230777473863,0.4812,4,292,73.0,0,Low Priority
0.5427800638068896,0.039572103007746495,0.9928145945576378,0.09878873806753345,0.4939,7,5540,791.43,0,Low Priority
0.5649192848648894,0.060546034228186274,1.095695948681878,0.13905844955857566,0.4762,6,1117,186.17,0,Low Priority
0.48700219491234653,0.06772295816917495,0.9790189453687435,0.15202090008486818,0.5037,10,9557,955.7,1,High Priority
0.5108681960415591,0.19644198331170315,1.2865391865766016,0.3473748239550051,0.4722,7,7010,1001.43,1,High Priority
0.3870515310568283,0.1288858862786656,1.0093112868005023,0.2516593739649999,0.4468,11,14323,1302.09,1,High Priority
0.48799542466687273,0.1003737202235232,1.0765823162756332,0.20723974106080156,0.4363,15,5281,352.07,0,Low Priority
0.48031933012119354,0.12251040751136588,1.121125738198479,0.2419771912482513,0.4601,3,2183,727.67,0,Low Priority
0.44905756149200926,0.13728992694219777,1.1251414414128107,0.26422288743061806,0.4382,7,7781,1111.57,1,High Priority
0.5354058253416643,0.047476269257180626,0.9980536487070417,0.1144401412195047,0.4993,4,2616,654.0,0,Low Priority
0.5792145844258099,0.04219618371548273,1.1088378431820576,0.10405830294621923,0.4654,8,2280,285.0,0,Low Priority
0.5381784539520794,0.1598923874969106,1.2128591585435453,0.2970003152372274,0.4741,15,11654,776.93,1,High Priority
0.29140229831411757,0.10532273449590757,0.8141061292056104,0.21516943749171538,0.4965,16,14546,909.13,1,High Priority
0.5203641063716522,0.045618992015961535,1.0041729159940782,0.11082230663603007,0.4923,38,23489,618.13,0,Low Priority
0.3070245717651724,0.09502537956276824,0.8440023024858648,0.1985555749236012,0.4824,16,10348,646.75,0,Low Priority
0.6047655640339109,0.11754855999383018,1.283298818796557,0.23434971562858847,0.4843,5,3066,613.2,0,Low Priority
0.5585473986225769,0.268387184344136,1.3720959692031502,0.43914906367463896,0.45,14,11106,793.29,1,High Priority
0.5807283073169047,0.07818993570969834,1.1581141578017529,0.17033815209238126,0.4578,12,2131,177.58,0,Low Priority
0.4885734607552512,0.03910719262101037,0.8938073630811114,0.09784838717801059,0.4915,18,7565,420.28,0,Low Priority
0.49727546373378073,0.12525553920319943,1.1903432782063714,0.24616318038359714,0.4425,3,2636,878.67,0,Low Priority
0.4542705913515859,0.24531559664431835,1.25277638125757,0.410623938199048,0.4183,2,164,82.0,0,Low Priority
0.2201489607896031,0.07958115658240639,0.6795979110769249,0.1727222335878145,0.4035,7,4870,695.71,0,Low Priority
0.24906890813954574,0.08287941271567256,0.7464287454719263,0.17833931409493448,0.4424,9,4879,542.11,0,Low Priority
0.29523556877371826,0.039595343445896214,0.7066355905723914,0.09882430189269072,0.4741,2,699,349.5,0,Low Priority
0.16883333892866914,0.07685779971606954,0.5339407621108756,0.16803101246449506,0.4466,13,1851,142.38,0,Low Priority
0.1312931718768472,0.052334025772238224,0.44214466996663276,0.12368768441196733,0.3856,3,2225,741.67,0,Low Priority
0.1102229458352798,0.08423171235130855,0.4360983894945202,0.18059234835316265,0.4968,5,3574,714.8,0,Low Priority
0.14959798563414417,0.05082046818475361,0.4790688406172845,0.12087619367214127,0.4253,6,2362,393.67,0,Low Priority
0.44652956679877187,0.023305672388015508,0.841773805216026,0.06406856199928906,0.5124,2,659,329.5,0,Low Priority
0.10195301888603259,0.06177458543285075,0.3893274885663969,0.14127761520524199,0.3568,2,773,386.5,0,Low Priority
0.34810141665939676,0.030449660850520366,0.7191153051079484,0.07980434368906683,0.4459,3,595,198.33,0,Low Priority
0.11534665357295326,0.037382800685553,0.37810761686085886,0.09430911064540556,0.463,4,3610,902.5,0,Low Priority
0.08955938003841546,0.030146289931951342,0.32235126971428885,0.07914969637876891,0.4437,2,981,490.5,0,Low Priority
0.254362844835736,0.050302210666023583,0.674126606975715,0.11987500590783819,0.4102,1,656,656.0,0,Low Priority
0.17578250058946587,0.1189960757164944,0.5951395531262618,0.23656030630378294,0.4208,8,1887,235.88,0,Low Priority
0.3404036777531576,0.05364610007318016,0.8046205491490455,0.12623493306385508,0.3916,2,2846,1423.0,0,Low Priority
0.0936087823628936,0.04139002513412626,0.34196756678676066,0.1024397342594294,0.4146,3,2395,798.33,0,Low Priority
0.24295863595290135,0.037341128654213795,0.6255594795734617,0.09419010407969022,0.3868,3,2152,717.33,0,Low Priority
0.270525684189473,0.023729362407318377,0.6360330803421049,0.064982652980869,0.3672,1,470,470.0,0,Low Priority
0.08338238577546842,0.044839917290036,0.3219877541383912,0.10927782511226189,0.4481,6,3074,512.33,0,Low Priority
0.15762281039475035,0.10359794162784064,0.5689493707582762,0.21240449259526303,0.4193,3,1710,570.0,0,Low Priority
0.17768018454300183,0.06900377149331716,0.55426471203075,0.15429530389008633,0.4852,1,126,126.0,0,Low Priority
0.17764131925052162,0.05020679241403747,0.5405298055047001,0.11970465749531457,0.4158,15,9063,604.2,0,Low Priority
0.5374322910176887,0.023920017401112603,0.9160672928509258,0.06545699605564906,0.3918,2,961,480.5,0,Low Priority
0.12168246278854511,0.059711379149614774,0.4187007167451552,0.13750874484899764,0.3904,1,692,692.0,0,Low Priority
0.10853195330530363,0.043016533832658355,0.3826994019656471,0.1056577804434132,0.4873,2,1361,680.5,0,Low Priority
0.28046973323558466,0.11145132551451586,0.7805565288475582,0.22481506156817782,0.4315,3,4901,1633.67,1,High Priority
0.2507508449678111,0.08336740798563458,0.7237444344179608,0.179164424933395,0.3913,1,21,21.0,0,Low Priority
0.5417065790253823,0.03986122738050357,1.0048589210466417,0.0993349144126445,0.4817,1,21,21.0,0,Low Priority
0.34626681769764767,0.1145937155770217,0.9704641901904134,0.22976493747298257,0.4169,22,17830,810.45,1,High Priority
0.1187887456712301,0.05708140293811703,0.40711823645270695,0.13266133222343834,0.534,20,15028,751.4,0,Low Priority
0.3824593828430617,0.096875806331023,0.9652778803819818,0.20157442053523686,0.4612,8,1299,162.38,0,Low Priority
0.11874081293041538,0.026457764684064355,0.3681457098811302,0.07111400383187569,0.3967,2,465,232.5,0,Low Priority
0.11131716912954026,0.03106815761866777,0.3742811724512529,0.08111260086262725,0.4119,2,2847,1423.5,0,Low Priority
0.5468684784020006,0.040957954016783815,0.9999033107393225,0.10157676335145487,0.4423,4,11030,2757.5,0,Low Priority
0.12404132645615629,0.055777505198088995,0.42031345798572556,0.13022825914666497,0.4354,4,1732,433.0,0,Low Priority
0.1867600641502294,0.07555143545533394,0.5954851790342656,0.16577539759361865,0.4816,5,2953,590.6,0,Low Priority
0.21731858296275475,0.10027660579807818,0.6872356688675478,0.2070786647932796,0.4274,9,7540,837.78,0,Low Priority
0.33365634873017147,0.02779513126452282,0.6798197949160384,0.07404739308144043,0.5206,3,578,192.67,0,Low Priority
0.31083779303075776,0.14365676155952045,0.8984670917922835,0.2735989109797231,0.4362,3,2332,777.33,0,Low Priority
0.1937117891288943,0.08554253469698647,0.6030015514230915,0.18283325026160038,0.3942,4,3518,879.5,0,Low Priority
0.25718761810227897,0.10625783526871502,0.7611623208984225,0.21665572704321284,0.4311,5,4297,859.4,0,Low Priority
0.1444552141187243,0.06065977864711902,0.47500872468957533,0.13925781921923258,0.4911,1,1040,1040.0,0,Low Priority
0.21268183900683935,0.1339148560397585,0.6874269550948537,0.25919415699735465,0.473,8,12935,1616.88,0,Low Priority
0.23624343652749502,0.06776506611106314,0.6736327013325653,0.15209501523018934,0.4874,7,2151,307.29,0,Low Priority
0.47886044603549693,0.13693521087672844,1.1613366678809691,0.263697095690205,0.4874,6,3465,577.5,0,Low Priority
0.19216229333160773,0.05315308467530666,0.5586031593889011,0.1253061082380471,0.5036,6,4385,730.83,0,Low Priority
0.1649805540266397,0.04759086344938057,0.5025339605016143,0.11465441969188553,0.4837,3,1463,487.67,0,Low Priority
0.2614761041622403,0.06922685771136738,0.7067400824201004,0.1546921502802003,0.4306,1,1275,1275.0,0,Low Priority
0.23067365719415378,0.07783556083935228,0.6690650335378739,0.16972724132713046,0.4582,6,3659,609.83,0,Low Priority
0.17905346192792748,0.12465099635520316,0.6023031465777405,0.24523691505169395,0.4598,2,1397,698.5,0,Low Priority
0.2914372365406749,0.12177305729938759,0.8248006680083483,0.240845367583946,0.4154,12,14372,1197.67,1,High Priority
0.14041772986295398,0.029903664663806562,0.42395506410695283,0.07863669852803575,0.5406,6,3483,580.5,0,Low Priority
0.12067596578990236,0.033286453539643435,0.36646951138494904,0.08583311081887168,0.4631,4,1837,459.25,0,Low Priority
0.21785085529531023,0.1121498963679356,0.6876640522261583,0.2259450414647814,0.4457,6,4491,748.5,0,Low Priority
0.3432742052834862,0.17109988577296287,0.9732473052584707,0.3127688951244549,0.417,6,6365,1060.83,1,High Priority
0.14827847629702873,0.07540378392267089,0.49754525944713734,0.16551878650557775,0.4355,3,1725,575.0,0,Low Priority
0.16175194064201737,0.050697793462279206,0.4929945935868562,0.12064043859461288,0.4988,1,758,758.0,0,Low Priority
0.16394830730073173,0.04799845782299017,0.49208364875265886,0.11544831090083998,0.3951,7,3017,431.0,0,Low Priority
0.3393722684568793,0.1225404892876455,0.9241938997776749,0.2420241816008979,0.4378,7,6742,963.14,1,High Priority
0.2709150499316664,0.1740263533866674,0.8405679246357536,0.3168340235152564,0.4668,5,5601,1120.2,1,High Priority
0.3158735879564353,0.10850764318717976,0.8798004211616014,0.22022165717149436,0.4472,6,7116,1186.0,1,High Priority
0.5777237218423075,0.3100640829144292,1.4401604840280653,0.488861228493609,0.4387,11,8426,766.0,1,High Priority
0.32301394482667756,0.3002237027095862,0.9882744061804157,0.4772981097657571,0.4961,1,154,154.0,0,Low Priority
0.5480056241996623,0.1502795081669328,1.2641868129525775,0.2832309989175623,0.4917,8,13625,1703.13,1,High Priority
0.5913461355239236,0.38339059997567126,1.5201199415753643,0.5714868443012892,0.4615,3,3225,1075.0,0,Low Priority
0.40140382765172733,0.08949993484573648,0.9457005320324262,0.18944379884776996,0.4491,12,13189,1099.08,0,Low Priority
0.5526968155137775,0.35850760607994303,1.447639611316289,0.5440785214283789,0.4386,16,19844,1240.25,1,High Priority
0.1884987147082129,0.11760565928779809,0.6157354794628928,0.23442063835280066,0.4172,1,118,118.0,0,Low Priority
0.4035501915850277,0.3253075609262842,1.1791637793431333,0.5065091538189684,0.4353,9,2897,321.89,0,Low Priority
0.3093134442532033,0.13934525317878999,0.8954998643886761,0.2672242950680863,0.4545,3,4020,1340.0,0,Low Priority
0.6189712926160845,0.32197228186350135,1.6096906633937516,0.5026782883492851,0.4296,24,11252,468.83,1,High Priority
0.5730360202745988,0.39453235218883453,1.5049963423680568,0.5836158853596671,0.4116,22,23326,1060.27,1,High Priority
0.3600263343230572,0.20858119225892213,1.043181390435295,0.36347823599898776,0.4658,13,7974,613.38,1,High Priority
0.36793584165120186,0.24148179785738333,1.070568949159631,0.4057932442682721,0.4436,2,5410,2705.0,1,High Priority
0.49538067257066787,0.271980029430252,1.294045999426916,0.44352326510122225,0.4527,8,2687,335.88,0,Low Priority
0.49080583840838776,0.41922255971357447,1.3491739729912409,0.6100197194966718,0.4795,1,581,581.0,0,Low Priority
0.43786007694821416,0.2605125135354778,1.2346121402207486,0.42951453349918667,0.4405,18,11694,649.67,1,High Priority
0.5950114949695424,0.3121155797302102,1.492951988675624,0.49125555479340666,0.4699,12,17742,1478.5,1,High Priority
0.7610333673234405,0.4902188347287616,1.9133341179424934,0.6833337684041222,0.4962,1,71,71.0,0,Low Priority
0.5430283827557654,0.24500230544662005,1.3552652533631093,0.4102427209453199,0.462,16,15809,988.06,1,High Priority
0.28574869415249904,0.2250072579918141,0.8932930244043948,0.38484880626847895,0.4448,20,5869,293.45,1,High Priority
0.4217779136426446,0.29039002146912496,1.2028995883351532,0.46567149325950674,0.4307,6,5704,950.67,1,High Priority
0.5632658171582527,0.23961917268198285,1.3577069810906237,0.40346010401587135,0.4802,2,1439,719.5,0,Low Priority
0.47598129931209054,0.3161628141043157,1.3220209646120225,0.4959574971135555,0.4422,8,8973,1121.63,1,High Priority
0.4235769915217562,0.12441317793959372,1.023659381957167,0.24487667689002707,0.4722,9,3602,400.22,0,Low Priority
0.45368181759581505,0.3614903100256983,1.2965242796402658,0.5474040828932536,0.4028,33,12520,379.39,1,High Priority
0.5894355700535832,0.373881773000206,1.5342453424899496,0.5611032295680265,0.4079,13,17797,1369.0,1,High Priority
0.4052852396255223,0.3833888118077363,1.1799865561557592,0.5715104969100061,0.4436,1,190,190.0,0,Low Priority
0.4451823073978095,0.160655224324306,1.151081959152117,0.2980846100701709,0.462,7,12715,1816.43,1,High Priority
0.36541015161934554,0.26280483100497787,1.0867310113947084,0.43231440870094406,0.4938,5,3928,785.6,0,Low Priority
0.57628381543869,0.44628438338865273,1.5066622353076629,0.6384208367808288,0.4523,1,3360,3360.0,0,Low Priority
0.24307996373915874,0.20825717439321478,0.7968338150929958,0.36304664060587655,0.5297,1,561,561.0,0,Low Priority
0.4457247274123125,0.0768078979843686,0.9922379783193449,0.167944147734173,0.4912,1,728,728.0,0,Low Priority
0.2595753799363272,0.20855493306433925,0.8173666042884442,0.3634376390637678,0.4251,1,980,980.0,0,Low Priority
0.49955313476929064,0.17796699774626557,1.200044171466606,0.322266087951128,0.4126,2,2387,1193.5,0,Low Priority
0.566334936907253,0.3321614549679338,1.4592754080156012,0.514363579342199,0.5066,9,10017,1113.0,1,High Priority
0.620971562884361,0.4239384895155971,1.62587161720557,0.6150207941006092,0.4571,11,18036,1639.64,1,High Priority
0.37975794247647554,0.05473376309724187,0.8301360708274279,0.12827788073643273,0.4667,4,2799,699.75,0,Low Priority
0.35245661645593473,0.3171358906444811,1.0803200183597055,0.497076085758149,0.4443,1,2403,2403.0,0,Low Priority
0.42612606131331543,0.1757896577928637,1.0980337811900567,0.3192706240905706,0.4629,9,8873,985.89,1,High Priority
0.2997193641698377,0.23166717136240111,0.9229879964809925,0.3933818791992499,0.4286,37,15230,411.62,1,High Priority
0.45296709514410205,0.2501363584252385,1.244106848698563,0.416659261372908,0.449,1,132,132.0,0,Low Priority
0.2629549274551748,0.1657307785405212,0.8235380023612766,0.3052379862101453,0.4617,3,4446,1482.0,0,Low Priority
0.40943853769465,0.12348711124098122,1.0160703904342168,0.24345466814903408,0.4637,5,5967,1193.4,1,High Priority
0.4907612022907304,0.3086574518990458,1.355359462144293,0.48722185781974514,0.4103,7,12037,1719.57,1,High Priority
0.5376056321757559,0.29960621925186603,1.3817605890981903,0.47659453589365397,0.4571,17,22128,1301.65,1,High Priority
0.26644489610696187,0.07629427475565265,0.7238988792462244,0.16705659204397624,0.5013,2,5328,2664.0,0,Low Priority
0.4883976063479769,0.14839744746286798,1.1348268865628997,0.2804810409826908,0.4601,8,15008,1876.0,1,High Priority
0.5603279005817874,0.31399912818076425,1.4477846860933512,0.49343423505769335,0.4681,8,11731,1466.38,1,High Priority
0.582894712011852,0.4986866564763307,1.4109292706075083,0.6916538388024549,0.5318,2,1445,722.5,0,Low Priority
0.5709798021341868,0.32299654129366373,1.476029727635087,0.5038575097798457,0.4611,18,12660,703.33,1,High Priority
0.34020248617786797,0.29939669146990144,1.0108211815378112,0.4763158332847548,0.4326,3,2247,749.0,0,Low Priority
0.6545567748503729,0.49227857923262897,1.6430677947146675,0.6853899261911236,0.4092,3,4711,1570.33,0,Low Priority
0.3518599665313883,0.17455526490095974,0.9769352875082294,0.3175552210923276,0.4671,10,21028,2102.8,1,High Priority
0.3619861760522195,0.1417690906268685,0.9704301456341651,0.2708223352554234,0.4403,5,2470,494.0,0,Low Priority
0.3644681000402047,0.1759536109163684,1.0141098099301817,0.31950213924189586,0.4457,7,5120,731.43,1,High Priority
0.2885024710674776,0.2093133566848534,0.9000727840194718,0.3644440745443183,0.4716,12,11968,997.33,1,High Priority
0.6163292795491073,0.3398145942125692,1.5370965653914392,0.5230712149611046,0.4779,1,101,101.0,0,Low Priority
0.5203219440333576,0.3193803631370836,1.413667890105449,0.49968351945298817,0.459,1,1750,1750.0,0,Low Priority
0.3615527570642727,0.31943770903851076,1.0734040205774655,0.4997472806901653,0.4185,19,15295,805.0,1,High Priority
0.31389027968009264,0.19445550375431675,0.9386516963014296,0.34470578725955514,0.4747,10,10325,1032.5,1,High Priority
0.2926013124155703,0.25606453867079293,0.9303004988243595,0.42398241237904544,0.3371,1,1475,1475.0,0,Low Priority
0.2193158003689094,0.17360082671873933,0.7395427161809924,0.3162454850456265,0.3851,4,1947,486.75,0,Low Priority
0.27492762825292716,0.20080750485289856,0.890141798849353,0.3531997164208264,0.4229,1,552,552.0,0,Low Priority
0.24501179864119604,0.2279080772930313,0.8139382457531006,0.3885638458516586,0.4162,1,952,952.0,0,Low Priority
0.1041555497028479,0.06017245130483573,0.3906969912734299,0.13825648613943883,0.3157,1,820,820.0,0,Low Priority
0.29668139877379085,0.19321560343959532,0.9299918484586923,0.3430442695881812,0.3813,5,2994,598.8,0,Low Priority
0.23545676245252334,0.12255541004587645,0.7267616637221865,0.24203838655188764,0.4071,7,4254,607.71,0,Low Priority
0.15724314344680113,0.13322724221100535,0.5682473243965059,0.25815696767219504,0.3676,4,1020,255.0,0,Low Priority
0.2555854153247449,0.17307030890199193,0.8335029736573499,0.3155089986545624,0.4253,2,2128,1064.0,0,Low Priority
0.13159989837147412,0.09266782151882524,0.48913992175553395,0.19467503261122612,0.3684,1,46,46.0,0,Low Priority
0.2896259036525697,0.23607997379077106,0.9048149372412982,0.3989725980378635,0.3948,3,1934,644.67,0,Low Priority
0.09450636443861204,0.05347455551010549,0.3437350638209867,0.1259088876448698,0.374,2,1461,730.5,0,Low Priority
0.18679388271230335,0.15769989053458033,0.6214575495633378,0.29372960248156854,0.4706,2,379,189.5,0,Low Priority
0.4669468574815223,0.3149438748076294,1.3455384105550514,0.49454650027257363,0.4316,18,23778,1321.0,1,High Priority
0.559779342170605,0.09761856222777343,1.1129664568530724,0.2027725640730911,0.4651,2,367,183.5,0,Low Priority
0.2644004869186072,0.19112204325204352,0.8574358052800496,0.3402147582263306,0.4152,3,799,266.33,0,Low Priority
0.16241415053001074,0.0930700437991292,0.5540955031510371,0.19534270755861288,0.4015,4,2780,695.0,0,Low Priority
0.27220461205155844,0.19866073550140506,0.8512453090833212,0.35033497262369523,0.4966,9,12811,1423.44,1,High Priority
0.28662438508468446,0.2276519347306133,0.9175300114416627,0.3882458245511311,0.3471,4,1287,321.75,0,Low Priority
0.299764227556538,0.1464679619238728,0.8697732168471054,0.27769842552673984,0.4434,4,1964,491.0,0,Low Priority
0.32336655446337625,0.23246905760005354,0.9922118548058825,0.39440555071401273,0.4183,4,753,188.25,0,Low Priority
0.2886396927474718,0.24802814919193894,0.9112169530852692,0.41402586929097746,0.443,3,2006,668.67,0,Low Priority
0.2833096489670238,0.20141096367114708,0.9022058468838638,0.35400271150107815,0.4364,8,8597,1074.63,1,High Priority
0.15368057095590437,0.07427995163256285,0.5090063554522511,0.16352130676374088,0.3978,3,3442,1147.33,0,Low Priority
0.370791733834518,0.30265835154404064,1.119155346061083,0.4801934032287356,0.3891,7,4816,688.0,1,High Priority
0.17848162802871936,0.059815807743784255,0.5414297707513613,0.13771697492843768,0.4192,7,4732,676.0,0,Low Priority
0.15926075659258687,0.049022177248019605,0.48202895130629797,0.11742878986155592,0.4764,12,2591,215.92,0,Low Priority
0.15995857900219212,0.039222889400394534,0.46779795216357234,0.0980828774241277,0.4582,11,4265,387.73,0,Low Priority
0.2594259631793212,0.054857958830225706,0.6983237130970471,0.12851864401974475,0.4476,4,4345,1086.25,0,Low Priority
0.1135916517125336,0.022382741332310552,0.32667403166422204,0.0619718181245529,0.4355,6,384,64.0,0,Low Priority
0.16604559573653788,0.03596906182352988,0.47183710170995335,0.09142593840230911,0.4073,13,3252,250.15,0,Low Priority
0.14681941271919008,0.03422611828277988,0.4278078702150311,0.08779639405785045,0.4151,5,5261,1052.2,0,Low Priority
0.15654847742089684,0.04892579460322122,0.4669984324907054,0.11724203913839208,0.4925,17,4867,286.29,0,Low Priority
0.14763734684682095,0.032055499695972545,0.4223432564489443,0.08323672126607212,0.4008,16,1824,114.0,0,Low Priority
0.13340813745223135,0.0331635574150706,0.3985920834039086,0.08557612306497761,0.4274,20,7792,389.6,0,Low Priority
0.158160438344785,0.03963037639727196,0.45399212246134574,0.09890908497306777,0.4347,10,4064,406.4,0,Low Priority
0.1761360567643978,0.051093142706722494,0.5139185565841342,0.12139833660278773,0.4281,2,1697,848.5,0,Low Priority
0.18325365374692737,0.056391252958538196,0.539337313980512,0.131382903926776,0.4664,4,2267,566.75,0,Low Priority
0.1582724455333948,0.041688736606037446,0.4648606609171329,0.10304704823156283,0.4605,4,214,53.5,0,Low Priority
0.17468804471358834,0.07420183323952945,0.5639745426269797,0.163431014283644,0.4194,9,4323,480.33,0,Low Priority
0.34293383347524176,0.04665510826681152,0.7820032023312531,0.1128412625656089,0.4359,19,7955,418.68,0,Low Priority
0.1672010516516328,0.05318300032622003,0.5229876887111609,0.12536450567993465,0.4455,8,2877,359.63,0,Low Priority
0.36231169676369857,0.17607112411086823,1.0603456410799441,0.31966959980983456,0.4383,8,10173,1271.63,1,High Priority
0.21016075583586957,0.10302445902580215,0.6717837825031351,0.2114985998797746,0.4055,7,7279,1039.86,0,Low Priority
0.14682171631536212,0.11374012163861669,0.5346600882816308,0.22843053118636014,0.4125,10,6516,651.6,0,Low Priority
0.15370603578268538,0.07046713101587221,0.5126619977588278,0.1568870057385381,0.4007,9,3822,424.67,0,Low Priority
0.11951032926530358,0.03175330558614986,0.3780750516126458,0.0825937412380805,0.4508,4,458,114.5,0,Low Priority
0.20752814074835013,0.11528267422063376,0.673143801792451,0.23083553550690014,0.3959,20,7460,373.0,0,Low Priority
0.19130633013951004,0.03407613607143145,0.530570858046457,0.08749110196035664,0.4185,4,3851,962.75,0,Low Priority
0.21713019513889786,0.057252119036727556,0.6255109758448216,0.13298509366098918,0.4396,7,2269,324.14,0,Low Priority
0.10347301881303983,0.028546990424926255,0.3317655638571383,0.07569741344551993,0.4529,1,1019,1019.0,0,Low Priority
0.22195448755821057,0.12066505372178027,0.7135583619130099,0.23915000244466664,0.4014,11,7475,679.55,0,Low Priority
0.32834921137386397,0.033206060685338934,0.717370765014102,0.08566046229799358,0.4247,3,811,270.33,0,Low Priority
0.11930723113473773,0.04646345227572024,0.4090055627247422,0.11247166909792618,0.4218,16,2943,183.94,0,Low Priority
0.1417913695460188,0.07760927718967203,0.4838427175791651,0.16933648601082402,0.4193,6,877,146.17,0,Low Priority
0.11187325074756493,0.03764704604774882,0.3695189817379041,0.0948738060215744,0.4296,17,3753,220.76,0,Low Priority
0.25737576077543955,0.06207533035639279,0.7040929898016219,0.14184629419095984,0.4183,7,1478,211.14,0,Low Priority
0.21188125192921325,0.15264214551841004,0.7070030944087409,0.28663823222283713,0.4121,13,8764,674.15,0,Low Priority
0.17043702737335242,0.05294144120847488,0.5282310675704973,0.12490632036980362,0.4435,12,2778,231.5,0,Low Priority
0.4064263429433195,0.24811182521027053,1.1529105059899758,0.41413748743548473,0.4297,23,9168,398.61,1,High Priority
0.13101197875467496,0.07783040471707714,0.4626078887201222,0.16971436490059502,0.3823,6,1682,280.33,0,Low Priority
0.22077309368355413,0.04924421213247354,0.6186424205538915,0.11785787702286371,0.455,2,299,149.5,0,Low Priority
0.1563569558931286,0.12252935400263365,0.5521474142212381,0.24199683279085366,0.4053,6,2535,422.5,0,Low Priority
0.13333540241001107,0.04599187863712284,0.42958172640595993,0.11154822577334349,0.4157,9,4023,447.0,0,Low Priority
0.10201101258148837,0.036541961375222476,0.3457023258639953,0.09260650448188065,0.3986,3,627,209.0,0,Low Priority
0.21233362453071747,0.09460393666863998,0.6669977483007019,0.19786510722322725,0.4044,11,4304,391.27,0,Low Priority
0.23934750429384455,0.06244853511929571,0.6655641132764183,0.14252971567267736,0.4317,16,7324,457.75,0,Low Priority
0.1262324881669099,0.05021113600667704,0.4186265068352749,0.11971215439547048,0.4202,5,3964,792.8,0,Low Priority
0.11110950131436748,0.06064095008964232,0.39746292302501884,0.13922594050578857,0.3927,7,1833,261.86,0,Low Priority
0.6457370215359677,0.272690499481157,1.5803996591036191,0.4444027258882541,0.4777,10,6208,620.8,1,High Priority
0.12406624398825516,0.042580067426574164,0.40035215094395404,0.10482374860921445,0.3863,2,895,447.5,0,Low Priority
0.2554890901751792,0.09394030989428237,0.7652227309977782,0.19677847000462367,0.4149,7,5730,818.57,0,Low Priority
0.18782486655279085,0.06542177421192241,0.5762521002068439,0.14790322749428803,0.4731,6,4627,771.17,0,Low Priority
0.10984139448755337,0.041993092792365516,0.372295899969202,0.1036449299185372,0.4216,11,2298,208.91,0,Low Priority
0.1457906663904862,0.056134177555284825,0.47387704433737277,0.1309035129838021,0.3879,4,1006,251.5,0,Low Priority
0.1231723335774757,0.04122468516202049,0.3989333121019661,0.10211785763296335,0.4028,9,2790,310.0,0,Low Priority
0.19632213009552646,0.07168530329150868,0.6062392998483601,0.1590324686343861,0.4271,2,1427,713.5,0,Low Priority
0.1118689395897422,0.02528920607951579,0.360703114666153,0.06853773565590075,0.4215,4,2422,605.5,0,Low Priority
0.4559187371470276,0.24246789467189256,1.2222206779719393,0.40706233741808373,0.444,15,15465,1031.0,1,High Priority
0.1263822299287276,0.058950570946077696,0.43006798992284123,0.13612154623380038,0.4232,24,4768,198.67,0,Low Priority
0.3286979655453468,0.1744180217948058,0.9620992723479866,0.3173813626938237,0.4182,12,4503,375.25,0,Low Priority
0.1102198912273491,0.03462252328234283,0.3553291155193582,0.08862821447540171,0.4051,4,806,201.5,0,Low Priority
0.1478160728361949,0.055642695170958434,0.47356970989375646,0.1299872760871361,0.4018,9,2596,288.44,0,Low Priority
0.2707849918653209,0.0558791922965185,0.6909859314383366,0.1304276199748985,0.4081,15,13407,893.8,0,Low Priority
0.3000805147055732,0.13600151877326017,0.8803387757103938,0.2623097756655343,0.4058,15,10567,704.47,1,High Priority
0.1001623736617081,0.055328979574608805,0.3679327667798892,0.12939646565462798,0.4241,10,3112,311.2,0,Low Priority
0.2603108223666424,0.2241924118247861,0.8356614073878537,0.3837952908127658,0.3989,7,2044,292.0,0,Low Priority
0.08810546885555315,0.029758753464927734,0.3014222830778288,0.07833036405747663,0.4297,8,1443,180.38,0,Low Priority
0.25829365489846934,0.03904006219725065,0.620037867792108,0.09771133513249276,0.4608,5,3344,668.8,0,Low Priority
0.26246197661109116,0.2079472134540491,0.8427674166396136,0.36264890172274056,0.4326,22,11077,503.5,1,High Priority
0.134592246654349,0.03532930444531612,0.4054135684670839,0.0900984329773602,0.4308,11,5835,530.45,0,Low Priority
0.15760761019934955,0.06809930259246788,0.5161251045658845,0.15269214030878067,0.4126,6,1874,312.33,0,Low Priority
0.23842159357946668,0.10154636961513219,0.7180945077291552,0.20912977324677343,0.4468,5,1886,377.2,0,Low Priority
0.2519821779369059,0.0922865198974051,0.7502148375601013,0.19405898681991868,0.442,6,4000,666.67,0,Low Priority
0.16277841760479883,0.06198754662655881,0.528551199391805,0.14169028541028034,0.4335,11,6459,587.18,0,Low Priority
0.29557353911281037,0.18872488011420796,0.9145867516085912,0.33697561625308364,0.4567,16,19091,1193.19,1,High Priority
0.20058098918400213,0.16836989699968175,0.6924387763783635,0.3089391306624515,0.4037,13,5049,388.38,0,Low Priority
0.24240812772863352,0.16556793302190587,0.7772146794200885,0.30502318771654635,0.3911,3,1276,425.33,0,Low Priority
0.1868797905606865,0.14254268317676067,0.6352833879614712,0.2719532383443504,0.4088,7,6557,936.71,0,Low Priority
0.4693670448274423,0.11580088805381805,1.0650344931742386,0.23163792457480234,0.4289,17,7355,432.65,1,High Priority
0.16244436512776694,0.07368844096825056,0.5127662889330453,0.16251425492114768,0.3919,6,8068,1344.67,0,Low Priority
0.15066564987503672,0.07879359540134934,0.4992923759949025,0.17136035828368767,0.5154,1,672,672.0,0,Low Priority
0.3435318993755979,0.2622633482984724,1.048227469434531,0.4316667406666971,0.4383,21,19784,942.1,1,High Priority
0.15500412393473717,0.09315954747360677,0.5303982711855146,0.1954891710632617,0.3733,22,3423,155.59,0,Low Priority
0.24176750358865517,0.16324902859416823,0.7785610062950388,0.30175728428123433,0.4351,20,12144,607.2,1,High Priority
0.1375733074803135,0.05973941181749953,0.46327573356739565,0.1375350711079479,0.4361,2,2493,1246.5,0,Low Priority
0.18717791624829716,0.14850463454831353,0.648967912403138,0.28063865712994257,0.4683,15,14056,937.07,0,Low Priority
0.17631213550803615,0.08739686451300821,0.567207825310135,0.18593991733017046,0.4401,4,3656,914.0,0,Low Priority
0.1994280999672624,0.13513357672812243,0.6573610880468432,0.26099753772969536,0.5278,2,32,16.0,0,Low Priority
0.32451369731596125,0.27498936089549153,0.9959699621952985,0.4471822876391147,0.4134,20,19067,953.35,1,High Priority
0.31018852176075484,0.24257628751057092,0.9403609689080156,0.4071871515048616,0.5087,2,2123,1061.5,0,Low Priority
0.25422124469573526,0.23972448474671448,0.8351145606958715,0.4035673822251524,0.3892,4,752,188.0,0,Low Priority
0.17557525435705612,0.08257227600812689,0.5708887310607703,0.17780188898647273,0.4109,8,6482,810.25,0,Low Priority
0.4447471299354133,0.06940981157721238,0.986667093531707,0.15501770731829556,0.4552,6,551,91.83,0,Low Priority
0.32115443754457274,0.10348039852741842,0.8688609607469227,0.21223076725474813,0.4566,9,1625,180.56,0,Low Priority
0.5723339564317593,0.11256857878551962,1.1640566918931783,0.22659864458964368,0.5047,3,1414,471.33,0,Low Priority
0.40773619603117994,0.06418771178805371,0.8799729907078125,0.14567619914637003,0.45,9,2538,282.0,0,Low Priority
0.5411050680236542,0.026924055625795695,0.9480214926819942,0.07215935809635442,0.4667,13,3315,255.0,0,Low Priority
0.46959460254618846,0.0823503835415551,1.0349473139450742,0.17744474184425418,0.4581,4,1411,352.75,0,Low Priority
0.5305947815764678,0.0176870752230448,0.8938906689816484,0.050990724713178656,0.5303,8,2142,267.75,0,Low Priority
0.34057072740287586,0.06109429553871004,0.7978271022590083,0.14005444238812478,0.4848,3,2017,672.33,0,Low Priority
0.1551100357844828,0.03701666330786413,0.45726925095670745,0.09358015603990119,0.4638,5,2042,408.4,0,Low Priority
0.5452437518558686,0.04317848970884719,0.9931017745975959,0.10600710815723517,0.4392,7,864,123.43,0,Low Priority
0.30794429652154964,0.03420988001188807,0.7030072754810991,0.08777037004198535,0.4786,17,2431,143.0,0,Low Priority
0.4369819315094462,0.027946582069138026,0.8534252284573848,0.07439873901186843,0.5165,10,1355,135.5,0,Low Priority
0.4371538436211291,0.015273758422082784,0.7762278649580999,0.04512271270108978,0.4723,6,609,101.5,0,Low Priority
0.5419989709677733,0.040029162949642094,1.0747592191293711,0.09971364907866073,0.4799,5,631,126.2,0,Low Priority
0.3979490513469164,0.09016965764225393,0.9634805997900506,0.190559083844693,0.4553,2,2430,1215.0,0,Low Priority
0.28589492395818694,0.04735193201108645,0.6930815150243652,0.11419636364260369,0.4548,4,2530,632.5,0,Low Priority
0.4037789136676383,0.31384445304945907,1.1624881187874285,0.49325830295424056,0.4339,9,7238,804.22,1,High Priority
0.5169054609577098,0.01995378930617353,0.8744093244350608,0.056358645059137416,0.4997,4,159,39.75,0,Low Priority
0.5090415749968149,0.08010552182278652,1.080197590233902,0.17362177638343138,0.4798,17,1778,104.59,0,Low Priority
0.2457271140469809,0.06189877331183169,0.6818875626683967,0.14152797249498061,0.454,12,12625,1052.08,0,Low Priority
0.5845050974471463,0.09798240315145967,1.20374738638408,0.20337393025762585,0.5037,15,12046,803.07,1,High Priority
0.25556403357549995,0.02933269219502843,0.5954363678047717,0.07740886813481243,0.4393,5,373,74.6,0,Low Priority
0.30785594410095873,0.06363075593005241,0.7774029455711293,0.14467342248413453,0.4595,7,5475,782.14,0,Low Priority
0.5319488110809274,0.09935807894271642,1.200633688114039,0.20560143576276657,0.51,6,6900,1150.0,1,High Priority
0.4239119295694769,0.13016970261650396,1.0811870179125895,0.2535914913121137,0.43,7,6199,885.57,1,High Priority
0.43819617274254674,0.026789353530045856,0.7948395991967903,0.0718602082897172,0.4876,6,449,74.83,0,Low Priority
0.5311256694314213,0.037365859068094864,0.9317385754179575,0.09429745418582966,0.5509,7,1873,267.57,0,Low Priority
0.19216764943406806,0.057097258485169555,0.5642926995696145,0.13269492576272038,0.4588,6,3032,505.33,0,Low Priority
0.3639394852068072,0.2693608454567916,1.0836446489111122,0.4403501297750101,0.4616,4,5587,1396.75,1,High Priority
0.5663594180878234,0.0626338420038266,1.1438936407190172,0.14286699076230702,0.4709,14,5276,376.86,0,Low Priority
0.564495503829175,0.08897404793838892,1.1885493762633323,0.1885740875106081,0.4899,11,6169,560.82,0,Low Priority
0.5303147723852417,0.1040703896288393,1.0426608827023418,0.21316581860153772,0.4859,9,766,85.11,0,Low Priority
0.5560435789871905,0.05333178790367066,1.0893579716452069,0.12564459651436272,0.5213,23,2565,111.52,0,Low Priority
0.38510146171638415,0.05356801477368556,0.8467552186242437,0.1260887889706712,0.4652,4,2990,747.5,0,Low Priority
0.4285813454592158,0.136714068338064,1.0962457810655515,0.26336866773032674,0.4424,15,5949,396.6,1,High Priority
0.5063335296774596,0.04237411457164597,0.9563590920697737,0.1044149574529405,0.462,17,3495,205.59,0,Low Priority
0.45987629563543364,0.0538523318708628,0.9316066309290383,0.12662679909954724,0.4558,21,18738,892.29,0,Low Priority
0.4980439755258782,0.017776358259478875,0.9850206711821232,0.05120377631084259,0.526,16,3701,231.31,0,Low Priority
0.14312041950806487,0.06684932538248944,0.4729647249964176,0.15045834778094688,0.4541,9,9590,1065.56,0,Low Priority
0.19493971212419925,0.03839001746829418,0.5397618484280909,0.0963922508874022,0.4494,11,4952,450.18,0,Low Priority
0.5029322069213722,0.03081381709987774,0.9262513782773891,0.08058365289908732,0.4722,5,2372,474.4,0,Low Priority
0.21506508483254927,0.1688690567537171,0.7262947610371312,0.3096508959239281,0.4093,18,21249,1180.5,0,Low Priority
0.09098758228870152,0.02843861755184751,0.29566355569088476,0.07546149069292332,0.4069,10,6164,616.4,0,Low Priority
0.1881055858278078,0.09177819409915833,0.5974230613053808,0.19321183185798238,0.4249,12,12038,1003.17,0,Low Priority
0.4432072907122302,0.33625935571933896,1.2696125161087053,0.5190099945460388,0.4064,14,12934,923.86,1,High Priority
0.5665446037630963,0.14880491844940746,1.3628076055323026,0.28109798727666657,0.5038,1,1878,1878.0,0,Low Priority
0.144801161133305,0.0622275008335067,0.47891645749165357,0.14212524562606738,0.4257,9,9785,1087.22,0,Low Priority
0.08410188393921547,0.031329671798757674,0.29511800852042247,0.08169261535358538,0.386,3,3128,1042.67,0,Low Priority
0.11012316565870128,0.03300332668666606,0.35357497249430464,0.08523618696336485,0.4508,3,4075,1358.33,0,Low Priority
0.19274050424742706,0.0723542699252886,0.5912989538086322,0.16020497447624574,0.4198,18,20548,1141.56,0,Low Priority
0.23572646806479503,0.07260888050567726,0.681859855481348,0.16065187399928482,0.4954,2,1260,630.0,0,Low Priority
0.7151540298247921,0.38681784206150605,1.8037185683246393,0.5752535281361588,0.5047,11,11942,1085.64,1,High Priority
0.1661042858419327,0.046718386773742626,0.5025204957005083,0.11296530848826347,0.4525,6,4593,765.5,0,Low Priority
0.4340152680999534,0.23413792861961358,1.2004286999309794,0.39652689486149667,0.4369,23,14579,633.87,1,High Priority
0.12190468903140494,0.06358190898262517,0.4275705717809769,0.14457883932924975,0.4058,8,10055,1256.88,0,Low Priority
0.17832704637464192,0.14599785046939562,0.6254037124716626,0.27700894053022995,0.4098,15,16046,1069.73,0,Low Priority
0.5315572056031471,0.26149897789009546,1.4007113693802042,0.4307301750293945,0.4503,3,4635,1545.0,0,Low Priority
0.09113596582032757,0.026326522282384968,0.3014455906802274,0.0708411760019434,0.4112,4,2020,505.0,0,Low Priority
0.1143896278602029,0.049041837467487914,0.3887408159556967,0.11746645133471333,0.4612,7,8929,1275.57,0,Low Priority
0.15062768389870607,0.0592834821491226,0.4842868943933443,0.13673598669795373,0.4399,6,5921,986.83,0,Low Priority
0.14979900535076118,0.07852251458598414,0.49542547855249885,0.17090099877769716,0.4335,5,11952,2390.4,0,Low Priority
0.11842688392359624,0.03338874397250913,0.3613396554360401,0.08605018314353445,0.4547,16,17404,1087.75,0,Low Priority
0.1576705527458827,0.042953743028373625,0.47405165291277085,0.10556601281907721,0.4636,14,10611,757.93,0,Low Priority
0.07946816030050918,0.01753379418977774,0.2478172060707498,0.05062118455548349,0.4309,5,3510,702.0,0,Low Priority
0.255189435128374,0.19382185297083365,0.8202622325467986,0.34385531074549275,0.3859,7,2269,324.14,0,Low Priority
0.10216741819644581,0.03544592087571341,0.33955569063934354,0.09034051349169685,0.4345,7,5569,795.57,0,Low Priority
0.12207802666435885,0.035001177924257054,0.3708666421280802,0.08940147483078717,0.4642,3,3958,1319.33,0,Low Priority
0.08917002812291308,0.034461638160546815,0.3117626987790151,0.08828660963095591,0.3976,4,2778,694.5,0,Low Priority
0.20169230334130128,0.12037019594035858,0.6548034169766435,0.238695182440633,0.4248,7,3184,454.86,0,Low Priority
0.19620871820531538,0.1421516865721545,0.6515653911243259,0.27138699096758734,0.4268,20,12456,622.8,0,Low Priority
0.45366331711859653,0.10137487677597012,1.1004941022777786,0.20885135318966674,0.5252,3,4044,1348.0,0,Low Priority
0.2733221547817756,0.04727437147772284,0.6919145524254385,0.11404892577353559,0.4388,3,2947,982.33,0,Low Priority
0.11539896588146703,0.029940898374375968,0.34849807721470405,0.07872149253667593,0.4115,4,5788,1447.0,0,Low Priority
0.126457510361228,0.07467974231873309,0.45072661878579096,0.16426330526896046,0.4256,8,4747,593.38,0,Low Priority
0.30591268747661216,0.07952261171178276,0.7769453825370355,0.17261573990583232,0.4349,3,900,300.0,0,Low Priority
0.592534135560822,0.4410667640803356,1.5820852649991353,0.6329970423574494,0.4396,4,5643,1410.75,1,High Priority
0.4661408057681219,0.20580057621655545,1.200075735054129,0.359817918478196,0.4308,16,12281,767.56,1,High Priority
0.5906541334508446,0.3655563961365511,1.580561124092668,0.5519174324318694,0.4817,7,5481,783.0,1,High Priority
0.2604641984578957,0.18711415919685326,0.8304197740651418,0.33479556310168557,0.4251,2,130,65.0,0,Low Priority
0.26636711160559956,0.12686400807625786,0.79062393534556,0.2485986100471752,0.4301,9,11067,1229.67,1,High Priority
0.19478164444975732,0.09842561238712988,0.6220111028335221,0.204088469303037,0.4305,29,17073,588.72,0,Low Priority
0.2181882788629511,0.05674920417091589,0.6123325249919593,0.13204778831840533,0.4381,10,7270,727.0,0,Low Priority
0.26018726232909517,0.06814434704945282,0.720847847764522,0.15276873219435255,0.4907,16,17999,1124.94,0,Low Priority
0.34827289509809634,0.25577032781870523,1.04412882359086,0.42366206744190427,0.4076,21,14596,695.05,1,High Priority
0.3878599058694958,0.11554214482839464,1.016104362293625,0.23123965943134256,0.4735,2,1990,995.0,0,Low Priority
0.4312748156727534,0.05117798652421646,0.9347873155721533,0.12156080231983243,0.4615,7,8043,1149.0,0,Low Priority
0.12195684298569087,0.02503112135603469,0.3550367146007355,0.06796449035532455,0.4136,2,2006,1003.0,0,Low Priority
0.32397183992313805,0.0779251698614829,0.8248963360627275,0.16988348190036037,0.4384,7,8265,1180.71,0,Low Priority
0.20969822148674178,0.03703157046668093,0.5650545764491097,0.0936137947783462,0.4291,11,13612,1237.45,0,Low Priority
0.12595318845279402,0.0535073480506586,0.41728080570799986,0.1259703627900282,0.4107,8,4580,572.5,0,Low Priority
0.09717364875412537,0.027728361877053187,0.3049434368196542,0.07392197720536414,0.4498,4,3046,761.5,0,Low Priority
0.2535430474884949,0.045902573432054505,0.6517847955783315,0.11137192187335518,0.4026,10,17342,1734.2,0,Low Priority
0.11497713101497009,0.025686107909694833,0.3420715569704559,0.0694205447374369,0.4137,6,3578,596.33,0,Low Priority
0.1136038643141769,0.057847947270155076,0.3852776560888508,0.13408392962486423,0.4052,17,9058,532.82,0,Low Priority
0.11484676557577156,0.036272631007777,0.3579740402909276,0.09205197893861383,0.4145,4,5199,1299.75,0,Low Priority
0.1609953490419067,0.04064193813268557,0.47890024739883763,0.10094707148088668,0.4403,16,18298,1143.63,0,Low Priority
0.09438598910897023,0.02635580855314812,0.30876224742835656,0.07090535272241555,0.4,12,16763,1396.92,0,Low Priority
0.25341254517435774,0.19881825428349664,0.8130041047831799,0.35054630357916977,0.4045,18,5378,298.78,1,High Priority
0.5033809433892222,0.10483455175735856,1.171447276890828,0.21439291799211463,0.4846,17,8233,484.29,1,High Priority
0.2598470593341614,0.06585754899194862,0.6937003878584393,0.14868144350627155,0.423,18,15281,848.94,0,Low Priority
0.11236088251915333,0.029191560757775736,0.3450507956528084,0.07710455509040724,0.3885,4,6619,1654.75,0,Low Priority
0.10049152075166567,0.03492233630723973,0.337186624179229,0.08925254591379866,0.4455,3,1277,425.67,0,Low Priority
0.15433521019050223,0.11586807382481135,0.5502793790931093,0.23171489311448523,0.3815,5,3754,750.8,0,Low Priority
0.26952881871064927,0.06602741465247453,0.7092168207794434,0.14898786431520383,0.4261,9,6850,761.11,0,Low Priority
0.11111046320222262,0.0339345879824996,0.35958752075803924,0.08719208114162078,0.4148,8,6390,798.75,0,Low Priority
0.46929510992022105,0.23668375060568636,1.261388682695277,0.3997589736859375,0.4301,6,4996,832.67,1,High Priority
0.5512573396936196,0.09298387143879938,1.1644919403821157,0.19520749414273209,0.4658,19,23578,1240.95,0,Low Priority
0.3791402503789544,0.05261683941247186,0.8771670456770628,0.124295229574717,0.4541,2,2393,1196.5,0,Low Priority
0.07203148754319111,0.01921360202276645,0.23667266716877644,0.054613453237343484,0.3892,4,3042,760.5,0,Low Priority
0.33781663084775404,0.09590910200690761,0.8655011447986453,0.19999700118810695,0.444,7,2348,335.43,0,Low Priority
0.147726503873298,0.046975453132721334,0.45828972383457467,0.11346976782360452,0.4156,22,14927,678.5,0,Low Priority
0.18650493223388798,0.09550642740626225,0.5961925512309814,0.19933403639670474,0.4539,6,5091,848.5,0,Low Priority
0.38060167441608617,0.09758358816286616,0.9278484870548747,0.20272453970292764,0.4431,19,23256,1224.0,0,Low Priority
0.13086254743494852,0.030847035385448862,0.40096407917103055,0.08066142012872665,0.4541,9,5035,559.44,0,Low Priority
0.10253262506274052,0.032028161825719104,0.3432311660827028,0.08317616416038257,0.393,17,18897,1111.59,0,Low Priority
0.08630200466744853,0.022246588537002676,0.2874974765563452,0.06166578144259589,0.4015,7,7546,1078.0,0,Low Priority
0.11230720097729685,0.026730044942685383,0.3474340467210538,0.07173102287147902,0.4411,22,19254,875.18,0,Low Priority
0.5605775024350221,0.30519818737491955,1.4852694381427338,0.4831759670608542,0.4087,8,11340,1417.5,1,High Priority
0.2255522353814201,0.05158062871310898,0.6224334440723012,0.12232715264348229,0.4482,18,18210,1011.67,0,Low Priority
0.5187989657463241,0.24583772484539046,1.3524205639308682,0.4112932422729563,0.4486,15,3503,233.53,0,Low Priority
0.11734699335877374,0.03773537261228899,0.37310898037647344,0.09505566937410166,0.4284,14,16573,1183.79,0,Low Priority
0.19891362094587772,0.07694714992814944,0.6057342481905341,0.16818763921234522,0.3986,6,18612,3102.0,0,Low Priority
0.12733190585692078,0.03878341351893788,0.40462792110578055,0.09718362620348711,0.4494,5,6082,1216.4,0,Low Priority
0.24854112446830523,0.06878438107696416,0.6903993162930718,0.15390325954263295,0.4077,4,5764,1441.0,0,Low Priority
0.16461292331878297,0.07371318184961795,0.5291991767887441,0.1625548359500996,0.4606,6,10378,1729.67,0,Low Priority
0.2999792468482608,0.2713706237090562,0.9400183715295615,0.44278669947679306,0.4328,1,985,985.0,0,Low Priority
0.22619988705849858,0.0523189963066073,0.6235824232364346,0.12372435130903643,0.4185,4,3343,835.75,0,Low Priority
0.3190824253271475,0.07130923480026385,0.812074062216717,0.15835980095484797,0.3959,9,6852,761.33,0,Low Priority
0.21526017253091512,0.15778938791509312,0.7211634129092358,0.29392613607662854,0.4789,3,3512,1170.67,0,Low Priority
0.2819416621065821,0.07836827295536053,0.7717845599390302,0.1706061184001588,0.4434,6,6917,1152.83,0,Low Priority
0.26583960897434733,0.05168688828182311,0.672984290085386,0.1225256840112271,0.4163,9,17637,1959.67,0,Low Priority
0.14549721905622004,0.06815043332193349,0.4887542036573514,0.1527705874559851,0.3989,4,5085,1271.25,0,Low Priority
0.13213901184352195,0.05147930975466375,0.4248001379640244,0.12212405186388922,0.4184,6,9156,1526.0,0,Low Priority
0.14382090414979554,0.1093765345320572,0.5193965032313902,0.22149132711263433,0.4024,2,1779,889.5,0,Low Priority
0.3579126130057638,0.2034607151247495,1.0599612755969876,0.3567168946857944,0.4402,8,19422,2427.75,1,High Priority
0.29232666983417843,0.12967176004543846,0.862808357057124,0.25283908170367064,0.4607,11,10905,991.36,1,High Priority
0.20028067517381276,0.05285885964804948,0.5915760709095743,0.12474054506690015,0.4409,6,5564,927.33,0,Low Priority
0.3786058652472484,0.1299121624021341,1.040195075036971,0.25320429434922304,0.4628,8,22227,2778.38,1,High Priority
0.172344545650147,0.07807547406165305,0.5372777300649569,0.17008849291892708,0.4314,3,3901,1300.33,0,Low Priority
0.19926155209757368,0.08435405793265549,0.6041441451785523,0.1808303097671434,0.4036,7,10733,1533.29,0,Low Priority
0.5956080885679814,0.2650070161132444,1.5230129685711213,0.4350262925340231,0.3817,3,8607,2869.0,1,High Priority
0.16205789825082684,0.06553032312834939,0.5014596347463036,0.1480799962407946,0.4675,7,10918,1559.71,0,Low Priority
0.2198298256567377,0.14298660826190657,0.7139811492156898,0.272581121307813,0.4271,7,8277,1182.43,0,Low Priority
0.2818934935917231,0.20995930720549139,0.8896557582186304,0.36528916549585344,0.4075,6,7641,1273.5,1,High Priority
0.32875972956406563,0.09069677793997588,0.844302176887782,0.19142251942798827,0.3973,9,7570,841.11,0,Low Priority
0.15974307072277216,0.059835284185449256,0.4855288254637241,0.13774970608649575,0.393,7,5249,749.86,0,Low Priority
0.11379905167650872,0.041411770400894055,0.3719638702117214,0.10246615168463918,0.4895,8,13846,1730.75,0,Low Priority
0.38390994420031765,0.16245794146802317,1.0612531097922318,0.3006419276715144,0.4418,3,3525,1175.0,0,Low Priority
0.13835883543994343,0.06918864819746695,0.4706334774981791,0.15461147529301628,0.445,8,5178,647.25,0,Low Priority
0.3219072242842439,0.08871979826914289,0.8460880811321139,0.1881442471472653,0.4223,6,7586,1264.33,0,Low Priority
0.36170194819704726,0.1274726807387324,0.9670091357746244,0.24952316516568748,0.4061,8,23573,2946.63,1,High Priority
0.12892763245209893,0.08458117413965982,0.4726783875482884,0.1811702094964791,0.4078,1,5376,5376.0,0,Low Priority
0.13494444141834827,0.048403346507180145,0.42148045174552684,0.11622813194376111,0.4737,8,8891,1111.38,0,Low Priority
0.4291104298176256,0.3492979172491275,1.2303170687136904,0.5337675285323747,0.4574,7,4801,685.86,1,High Priority
0.1999184965620071,0.0998041967410479,0.6371664135684811,0.20631786694696153,0.4173,1,1630,1630.0,0,Low Priority
0.14623280942540606,0.07198036486778647,0.4934530950890673,0.15954179030500368,0.4042,7,5867,838.14,0,Low Priority
0.10651025554918803,0.04420974532107269,0.3605899534541964,0.10804525896808623,0.4162,21,16151,769.1,0,Low Priority
0.17848189483250543,0.06751470963886275,0.5388978424507687,0.15164802302526958,0.4184,7,14281,2040.14,0,Low Priority
0.38819471337846456,0.14158621847061426,1.0427401506524798,0.2705575499805465,0.4538,7,11109,1587.0,1,High Priority
0.14033597886607907,0.08075498187984187,0.4730132177484383,0.17470624055508915,0.4276,4,3641,910.25,0,Low Priority
0.10726819054758363,0.050450239611260606,0.38384794371068465,0.12016266583476597,0.4419,8,5742,717.75,0,Low Priority
0.2078102615567643,0.10789553392795936,0.6485090838260239,0.21924399013254436,0.4132,6,14013,2335.5,0,Low Priority
0.12714360139945535,0.05629599785540984,0.4065897901930422,0.13120103891104462,0.4111,8,9161,1145.13,0,Low Priority
0.1985487511920624,0.10639837129134277,0.6288866285761345,0.21687516915172833,0.402,10,8048,804.8,0,Low Priority
0.2122645193384679,0.1487630014981126,0.7109637818283663,0.2810147300505119,0.4548,9,5578,619.78,0,Low Priority
0.09735696127051485,0.038188865450437204,0.3316449220441459,0.09596688878336704,0.3949,9,11441,1271.22,0,Low Priority
0.4098276203966682,0.18606814869738875,1.1416994022675595,0.333372736345772,0.4748,7,7456,1065.14,1,High Priority
0.34801032566110823,0.21471004783253567,1.0272065407482904,0.371509638748152,0.4536,1,2016,2016.0,0,Low Priority
0.5077551136781802,0.26572192499760083,1.378916834904547,0.43590961241997805,0.4541,12,10074,839.5,1,High Priority
0.4322293106615134,0.23116541325567797,1.1957777706087183,0.3927421178737256,0.4346,4,14422,3605.5,1,High Priority
0.09733238209825823,0.0368408949458181,0.3449606182037202,0.09320291629749684,0.4504,4,10089,2522.25,0,Low Priority
0.1559708728871132,0.08795452851708352,0.5099159449407006,0.18685463564334026,0.375,10,14925,1492.5,0,Low Priority
0.12937334854819416,0.09452870071564135,0.4642884599034502,0.1977157951207417,0.4067,13,12050,926.92,0,Low Priority
0.13613474486371802,0.04456114415197354,0.412784655361924,0.10871822003380008,0.4338,2,3753,1876.5,0,Low Priority
0.09876351570519326,0.02371356443014483,0.3064761160859719,0.06500015847285835,0.4223,2,3465,1732.5,0,Low Priority
0.2976535548056377,0.025676800739782957,0.7197835816231336,0.06939804949860742,0.3976,16,4936,308.5,0,Low Priority
0.22721281824429873,0.14369091230852216,0.7313403571113567,0.2736490852934589,0.4069,9,10796,1199.56,0,Low Priority
0.11417348957110374,0.028435932790246143,0.34820058027536016,0.07546745195178992,0.4332,3,3315,1105.0,0,Low Priority
0.12408837178742949,0.03841301326022728,0.3867173583658623,0.09643693026507476,0.4341,12,2302,191.83,0,Low Priority
0.12468897220832298,0.03534972973983219,0.3793348223944756,0.09014032552568267,0.4038,4,4124,1031.0,0,Low Priority
0.46984165826556024,0.024696502984770885,1.0014712232238216,0.06721027005297675,0.4492,1,70,70.0,0,Low Priority
0.18847278723941108,0.10767718724483744,0.6090121403622117,0.21890756542063894,0.4392,15,18386,1225.73,0,Low Priority
0.13150110468183118,0.04257247836060207,0.4140932381567773,0.104806111797106,0.4127,1,8,8.0,0,Low Priority
0.4326499371324989,0.11224212897526731,1.0699410644378384,0.22609364613065286,0.4763,15,12003,800.2,1,High Priority
0.39713602415242255,0.10446681092809862,1.0105956395281077,0.2138061087241086,0.4475,6,1974,329.0,0,Low Priority
0.26551847405375595,0.08026976652669038,0.7450875027570493,0.17390100864937624,0.4554,5,1830,366.0,0,Low Priority
0.14521498271126732,0.03209360022528018,0.426926834067217,0.08331716975214766,0.4513,12,1207,100.58,0,Low Priority
0.18582133526061706,0.02630808072040358,0.48801148162342184,0.07080158057906055,0.4214,6,1238,206.33,0,Low Priority
0.5084871116346039,0.0403121828207984,1.0968799141434256,0.10028416079414096,0.4881,7,2939,419.86,0,Low Priority
0.12196771705637455,0.03944267782258015,0.38478934020808964,0.09852808923255729,0.4516,6,5163,860.5,0,Low Priority
0.23015448525927573,0.09462804354898735,0.696450407307162,0.19790452873585668,0.4287,4,1851,462.75,0,Low Priority
0.12424101152157818,0.043957060279819715,0.39939834773754823,0.1075485592134337,0.4059,9,4047,449.67,0,Low Priority
0.16345125422322715,0.028996269133134578,0.4513942599623575,0.07668398541836821,0.4382,3,3096,1032.0,0,Low Priority
0.11533368079137152,0.0333414504317604,0.3606838665664571,0.08594997999284913,0.4213,5,555,111.0,0,Low Priority
0.320729450782846,0.11242209576652884,0.8817763770570366,0.2263748412635515,0.4032,10,5377,537.7,1,High Priority
0.1923372352472721,0.03410782907562071,0.5266358750071272,0.08755688915339223,0.4809,7,464,66.29,0,Low Priority
0.10109031542155944,0.03725415336660309,0.3350737079699796,0.09406945849516286,0.4381,2,494,247.0,0,Low Priority
0.1729259686679916,0.03040166074366102,0.4803522751178366,0.07970938040450055,0.4935,3,800,266.67,0,Low Priority
0.17155277302068994,0.061212949901169766,0.5294447662112964,0.14027789821424888,0.4389,16,2039,127.44,0,Low Priority
0.25064602934358915,0.1396046523085528,0.7758114436549977,0.2676414873620281,0.4622,8,4032,504.0,0,Low Priority
0.12799766393892853,0.04992780329036939,0.40795525528645116,0.11916943918056233,0.4195,6,2953,492.17,0,Low Priority
0.16398957775651157,0.0351724109471413,0.4817030981768043,0.08977523904297663,0.4862,7,3836,548.0,0,Low Priority
0.09820276229047531,0.05206226013103943,0.3590529911370709,0.12324093494468849,0.4271,19,22407,1179.32,0,Low Priority
0.487225403413456,0.15674687711556923,1.231898844707815,0.29252508538237354,0.4737,5,1503,300.6,0,Low Priority
0.2167541600527335,0.09564245680185068,0.6598135769625417,0.19956291405105242,0.3815,13,4058,312.15,0,Low Priority
0.13386975448026128,0.04717512880413888,0.4310290580480316,0.11385498805163558,0.404,7,5827,832.43,0,Low Priority
0.11505023378312751,0.034798189941148916,0.3622485841028875,0.08899293273950863,0.4291,5,429,85.8,0,Low Priority
0.2860916959106432,0.08900581766046378,0.8154286007665121,0.18862528964163558,0.4825,10,7186,718.6,0,Low Priority
0.29885092625663223,0.07415001890966011,0.7771590186389663,0.16334619067646453,0.4466,14,9356,668.29,0,Low Priority
0.4480607599763601,0.2025219066315017,1.2114231765018637,0.3554792720487126,0.4553,3,887,295.67,0,Low Priority
0.08661661970282519,0.02605740343732299,0.28734426154098547,0.0702208190649756,0.4337,5,560,112.0,0,Low Priority
0.26661609972637257,0.17808059159082312,0.8130181916347728,0.3224227772037767,0.4374,2,26,13.0,0,Low Priority
0.17619169806188217,0.09119486135176158,0.5669824318971048,0.19225619238232047,0.4247,19,18790,988.95,0,Low Priority
0.1890093971132425,0.07886041829248946,0.5873928575061009,0.17148496113260792,0.4474,12,2368,197.33,0,Low Priority
0.235982221509761,0.15626989074346886,0.753663263834695,0.29184200208672223,0.4142,16,10828,676.75,0,Low Priority
0.15001368334391152,0.05515997339056866,0.46556897676828046,0.12908472303390645,0.4097,15,10377,691.8,0,Low Priority
0.2685534826440612,0.027341453639565638,0.6195401048922604,0.07306812082683387,0.3982,1,54,54.0,0,Low Priority
0.4121774343741895,0.030356464355617896,0.8583720913247127,0.0796109944659868,0.4465,4,2171,542.75,0,Low Priority
0.3973797806987628,0.057725232214443145,0.93242853637305,0.13386334409448936,0.4265,20,19393,969.65,0,Low Priority
0.21235400924841052,0.06411883077703362,0.618633656417309,0.145552379307391,0.4428,13,2399,184.54,0,Low Priority
0.1824951028529197,0.03988846099226295,0.5201757684532202,0.09943065496236128,0.423,3,557,185.67,0,Low Priority
0.16733466300840383,0.08486592202910093,0.545633744545502,0.1816935355318463,0.4496,5,3997,799.4,0,Low Priority
0.1606123612626641,0.04050465611721943,0.47738186584809594,0.10067037782277875,0.4343,5,2669,533.8,0,Low Priority
0.19362099658786103,0.061665526241712953,0.5778237566250168,0.14110367163621945,0.4642,9,13075,1452.78,0,Low Priority
0.12234985335447224,0.06410966466339718,0.42188413240540557,0.14553275706945032,0.4047,3,517,172.33,0,Low Priority
0.20560156249477635,0.07725963458655194,0.6115531908457548,0.16873657369522507,0.4194,5,6530,1306.0,0,Low Priority
0.18243587790516214,0.07769674394534853,0.5694623657370386,0.1694887353747508,0.4051,23,8703,378.39,0,Low Priority
0.11149779696977336,0.026943380556949892,0.34140367923633463,0.07219850835015981,0.3888,1,39,39.0,0,Low Priority
0.3977470140066899,0.11012896654493598,0.9794833751095304,0.22277738319015936,0.4345,21,23494,1118.76,1,High Priority
0.19131873293673152,0.1117563348819115,0.6209517610899313,0.22533035594235448,0.4305,1,426,426.0,0,Low Priority
0.29186521329698856,0.26070827570894217,0.9153781869879307,0.4297458158033044,0.4149,1,208,208.0,0,Low Priority
0.11581021240292,0.04119654647137261,0.37310835785092467,0.10205932332433458,0.4293,2,2570,1285.0,0,Low Priority
0.1126370045688887,0.023114342857075254,0.33702881504701065,0.06363882718251936,0.3915,4,1210,302.5,0,Low Priority
0.1228252134705895,0.03433904354862438,0.3786411641411308,0.08803890006916115,0.4086,3,1507,502.33,0,Low Priority
0.11062200255354526,0.036776464057913794,0.34041087626579714,0.09308247201386952,0.427,4,243,60.75,0,Low Priority
0.13348432034218882,0.03492006513588264,0.39659595899129996,0.08924985545925267,0.4158,3,498,166.0,0,Low Priority
0.287011322700114,0.1787136942687073,0.8900969752617403,0.32331388355543245,0.4116,16,16675,1042.19,1,High Priority
0.09493260423483019,0.02344552235434194,0.3022688186899535,0.06439496092468434,0.4524,1,926,926.0,0,Low Priority
0.11318764253080293,0.036317745992575645,0.3571622490748178,0.09214396291443765,0.4415,2,1342,671.0,0,Low Priority
0.18468144605465875,0.06629230091432459,0.5570567999462959,0.14946581771700185,0.4369,20,14821,741.05,0,Low Priority
0.2770122394981631,0.16225316308550597,0.8399577242336624,0.3003489204780635,0.4153,9,2543,282.56,0,Low Priority
0.1275274879490833,0.07904442841699899,0.44490780661665713,0.17180330891606657,0.4232,22,21493,976.95,0,Low Priority
0.28276063683898356,0.023578107996579,0.6287717968136585,0.06469254274913926,0.4413,2,553,276.5,0,Low Priority
0.13759192091373018,0.05768109492836482,0.43850565735475133,0.13378011839908502,0.4192,16,10273,642.06,0,Low Priority
0.1386089360484799,0.06551505654434342,0.4543429450325234,0.14806993043971506,0.4119,5,3906,781.2,0,Low Priority
0.33010817914104695,0.20909873503716092,0.9830142809715421,0.3641629428355172,0.433,23,13741,597.43,1,High Priority
0.49282128406023584,0.10517730108085332,1.1820799078718656,0.21493952770923097,0.4849,12,8602,716.83,1,High Priority
0.6103512337639183,0.1225850150802964,1.3157709380814206,0.242093104336599,0.4926,32,23548,735.88,1,High Priority
0.14279377674638694,0.04582239622579487,0.4363145019836662,0.11121879076450569,0.4462,5,2150,430.0,0,Low Priority
0.4601690190362654,0.07381186808024587,1.0206854924121576,0.1627551364377504,0.5147,4,459,114.75,0,Low Priority
0.24976853513689412,0.05086239847309992,0.676567227716667,0.12095584211778578,0.5398,10,18323,1832.3,0,Low Priority
0.1285346604387294,0.04219365140963138,0.4017344454928302,0.10405177104857871,0.4138,7,12326,1760.86,0,Low Priority
0.10717741167372485,0.0271476153718212,0.3350127501893866,0.07264268571409709,0.4299,5,5809,1161.8,0,Low Priority
0.24162472240446398,0.05685613728556682,0.6544145636425636,0.13224619837350615,0.4439,10,11433,1143.3,0,Low Priority
0.30204416384936805,0.174402469239892,0.9058119968144838,0.31735428887220585,0.4703,25,2166,86.64,0,Low Priority
0.18620273116240904,0.044675101197024114,0.5106782059595941,0.10896311568677798,0.4795,26,12345,474.81,0,Low Priority
0.13236767884900602,0.04089574231149251,0.4182868656951835,0.10145476125613644,0.4556,7,18408,2629.71,0,Low Priority
0.13280080450968101,0.031459274917219116,0.3867583513074159,0.08196940321532536,0.4961,21,419,19.95,0,Low Priority
0.40175374345822246,0.08386178277257483,0.9993939139976575,0.1800040926748922,0.465,9,2963,329.22,0,Low Priority
0.30880149327587714,0.12336442470627595,0.884750139339425,0.24328149682399108,0.4537,2,439,219.5,0,Low Priority
0.26065491646020233,0.04185862692017506,0.665419054930476,0.10338595289718772,0.4674,10,4381,438.1,0,Low Priority
0.15947938655840632,0.06139093313885602,0.49521633651287966,0.14060144374764758,0.4655,6,218,36.33,0,Low Priority
0.29857806741293547,0.05318682424817567,0.755533070880444,0.12537265084705743,0.4414,15,4658,310.53,0,Low Priority
0.27782098168953273,0.09819646682827732,0.7801621533475324,0.20371994439169072,0.3913,17,21616,1271.53,0,Low Priority
0.1570201431048398,0.036117387613023966,0.44382691667207286,0.0917285230165999,0.5227,8,411,51.38,0,Low Priority
0.1859047294322509,0.06550769383688115,0.5502360660214377,0.14805758466661173,0.4082,17,821,48.29,0,Low Priority
0.0790141707937414,0.014962506694380928,0.24659244331926877,0.04434852460960931,0.4945,4,1400,350.0,0,Low Priority
0.3709118335618704,0.13774243024392951,1.0141454365156366,0.26489314696079935,0.41,13,22425,1725.0,1,High Priority
0.1554751426677009,0.04627333623995644,0.45899039653079093,0.11209827910296913,0.3777,6,14055,2342.5,0,Low Priority
0.3363851406641549,0.06649685524478322,0.8325997953365006,0.14983133203068996,0.4236,5,517,103.4,0,Low Priority
0.20831663073902862,0.040320613512310866,0.5565157770339125,0.10029598564958533,0.373,13,15769,1213.0,0,Low Priority
0.1464970819653869,0.040436454879615,0.42332541419591496,0.10052956412743477,0.4793,6,2274,379.0,0,Low Priority
0.37319911288989616,0.13397708462502111,0.9653665785462859,0.2592899013131111,0.5061,10,5267,526.7,1,High Priority
0.14919553968050747,0.0412406135972907,0.4434053059202795,0.10215082494780006,0.42,4,106,26.5,0,Low Priority
0.13200480359756406,0.025226179955825212,0.3623115768257038,0.06839739135024202,0.4275,15,586,39.07,0,Low Priority
0.0872959340884365,0.028789317228848033,0.2897429762791264,0.07622699662562456,0.4688,5,9024,1804.8,0,Low Priority
0.2879534138226181,0.09165888288717916,0.8069739195833145,0.1930240162496215,0.4724,5,118,23.6,0,Low Priority
0.11364183634284086,0.04034818645821703,0.37934991525006256,0.10034891918058769,0.4254,5,8094,1618.8,0,Low Priority
0.16484710280294657,0.05085798429364219,0.4865809762911455,0.12094682635648829,0.4631,10,14796,1479.6,0,Low Priority
0.13579422590058865,0.03138328050131112,0.3910524390833181,0.08180302370455063,0.414,8,375,46.88,0,Low Priority
0.09976013917603777,0.031234965231229594,0.3298874897305999,0.08147938377082514,0.4326,6,9626,1604.33,0,Low Priority
0.2204294269826118,0.040145410217052535,0.5859061899338749,0.09994231818924382,0.413,6,9694,1615.67,0,Low Priority
0.160824002059464,0.044066687014474915,0.467347464117162,0.10776949638364931,0.45,5,1728,345.6,0,Low Priority
0.1658518210248604,0.036433516090282114,0.462759577066269,0.09237790765586566,0.4323,27,12183,451.22,0,Low Priority
0.5705623645501279,0.19338669356850624,1.3741402992374374,0.3432747807785625,0.4609,13,5851,450.08,1,High Priority
0.1778899747174636,0.04777365983836801,0.5065405263913411,0.1150194413338377,0.3821,3,2582,860.67,0,Low Priority
0.08833726089269767,0.01221411021370944,0.27661001722563744,0.03740779055043329,0.4945,2,2984,1492.0,0,Low Priority
0.16528774183888062,0.051595171081572744,0.4896250832256005,0.12235356122292602,0.4022,22,2822,128.27,0,Low Priority
0.18885613862818773,0.06147199658760405,0.5564768551738042,0.14074860875152814,0.4184,21,20994,999.71,0,Low Priority
0.2329829505871729,0.14485327671432469,0.7301127377521979,0.2753445627907481,0.4277,13,359,27.62,0,Low Priority
0.1275328181202865,0.03235693035799547,0.3979606442716761,0.0838704053339002,0.451,5,7812,1562.4,0,Low Priority
0.1888768584830136,0.05039662162457759,0.5365008573372338,0.12006786846915438,0.3914,22,2583,117.41,0,Low Priority
0.11849530261745922,0.047497020180209626,0.3901835410974469,0.11447579465522703,0.4342,9,13470,1496.67,0,Low Priority
0.14135628309579973,0.032299539143799905,0.42616530556330295,0.08375112467817979,0.4157,10,15805,1580.5,0,Low Priority
0.4442428098642339,0.2126189257850255,1.2531044333946508,0.3687711591442375,0.4342,9,1157,128.56,0,Low Priority
0.16662954868115165,0.035638004560618164,0.47213483139674023,0.0907377956824729,0.4011,16,23442,1465.13,0,Low Priority
0.15044001925933126,0.05271069441808751,0.4591185854592697,0.12446555229306991,0.4671,5,775,155.0,0,Low Priority
0.13202094038513779,0.031282289967651256,0.3745863437088623,0.08158809181980742,0.4295,10,243,24.3,0,Low Priority
0.21912680325413803,0.03552558351157398,0.5771843375072938,0.09050720814762706,0.429,2,3309,1654.5,0,Low Priority
0.1268593515086337,0.0838051684262292,0.46421206937245313,0.17986920425403813,0.4033,6,8926,1487.67,0,Low Priority
0.12546176972420187,0.036990096099769,0.3879743007337022,0.09352757967897606,0.4418,14,287,20.5,0,Low Priority
0.43684637998883624,0.03483556558773526,0.8446271026352953,0.08907118591466695,0.4702,6,4128,688.0,0,Low Priority
0.19198113957856067,0.10544918923720148,0.6252789988090036,0.2153620256184387,0.3868,8,7319,914.88,0,Low Priority
0.13468595715019593,0.03963752692559652,0.41740451698154024,0.09891778735681792,0.4016,20,3940,197.0,0,Low Priority
0.1359335267059527,0.04156443847568925,0.4172503536110145,0.10279598244485184,0.513,19,1057,55.63,0,Low Priority
0.37233355195888707,0.030317664092341712,0.7766552110678053,0.07952982622081813,0.448,9,9096,1010.67,0,Low Priority
0.3106200524784837,0.11544189464513166,0.8971332401454153,0.23108190953489163,0.4907,15,3443,229.53,0,Low Priority
0.1580167197876473,0.039398886653755905,0.4771673329817502,0.09843826916739017,0.4494,12,16080,1340.0,0,Low Priority
0.07700577371155026,0.018657859842758473,0.24139637862541563,0.05330463193197514,0.4848,5,608,121.6,0,Low Priority
0.11546186946150006,0.025166252750554285,0.3458225096811789,0.06826091826936442,0.4436,5,2268,453.6,0,Low Priority
0.4907955294500832,0.051596799135710913,0.9684810997458098,0.12235311426619841,0.5152,7,1423,203.29,0,Low Priority
0.30804431733523463,0.16941993736787775,0.9164551931804121,0.3104225898655769,0.438,14,703,50.21,0,Low Priority
0.25447919689147536,0.054819558758296916,0.695758233154909,0.12844493373600283,0.4797,13,501,38.54,0,Low Priority
0.2132964218741148,0.048139434070549214,0.5777578902954504,0.1157225405985178,0.4387,5,5979,1195.8,0,Low Priority
0.37367182451721204,0.12519995858049515,1.010346466698636,0.2460775927518533,0.4171,11,13219,1201.73,1,High Priority
0.14737804231634144,0.04893388442661861,0.4520822624751587,0.1172582665711345,0.4375,14,607,43.36,0,Low Priority
0.46526234913944053,0.19995149373821586,1.2449389290056334,0.3520572598554589,0.3862,10,1805,180.5,0,Low Priority
0.16527275451342494,0.048838252139073446,0.48633857872292874,0.11707291545302317,0.4259,13,23369,1797.62,0,Low Priority
0.12997462903783463,0.023504336502939482,0.3550699174748212,0.06452724347766253,0.4546,11,1396,126.91,0,Low Priority
0.2896829768337792,0.07589400910030963,0.7863551998888632,0.1663766636433079,0.3975,6,3459,576.5,0,Low Priority
0.13083240697521092,0.03761440199856647,0.4000505629968254,0.09480198653592836,0.4195,3,1106,368.67,0,Low Priority
0.12463193315667798,0.028691865956834484,0.37282144666763517,0.07602230183199524,0.4482,8,3188,398.5,0,Low Priority
0.1937073521971614,0.03201622976986884,0.5245152629679251,0.08315478967870998,0.4282,11,1263,114.82,0,Low Priority
0.5372486767575622,0.07130887118275131,1.152189966467225,0.15837223251810026,0.4921,3,1287,429.0,0,Low Priority
0.0740835902706406,0.02304744874051501,0.2528539452734686,0.06348286101378647,0.4185,7,12210,1744.29,0,Low Priority
0.06832695177267079,0.014736053434215024,0.2211451748762314,0.04378449692491219,0.4872,2,3206,1603.0,0,Low Priority
0.3233903572229807,0.047928411545184124,0.753610706773287,0.11531709902723819,0.4778,11,5696,517.82,0,Low Priority
0.1399760418856303,0.03930935404335156,0.40007913513379967,0.09824937757444162,0.4003,6,561,93.5,0,Low Priority
0.09829785878849229,0.037612915356198484,0.3329559081255748,0.09479462502205914,0.4131,9,12807,1423.0,0,Low Priority
0.12219340646674459,0.03870300090123424,0.3895052689436621,0.097027513024156,0.4171,13,11436,879.69,0,Low Priority
0.1510282496383144,0.04906334114366495,0.4522537774867163,0.11750753880331677,0.4517,4,225,56.25,0,Low Priority
0.2681784211152016,0.14250412130848233,0.8214944962566635,0.2719081490847111,0.4208,7,6284,897.71,1,High Priority
0.17202230978736188,0.04118016357086607,0.4992223706166592,0.1020270891941619,0.4721,6,493,82.17,0,Low Priority
0.15380870192860063,0.04230095325628336,0.46384571381209794,0.10426597532805897,0.4286,7,1503,214.71,0,Low Priority
0.21272901450654536,0.07569944304842269,0.621785518060568,0.16603612877894453,0.4163,9,1141,126.78,0,Low Priority
0.16330469795869662,0.019122067122127273,0.431321422862914,0.05440468792009357,0.4966,8,1762,220.25,0,Low Priority
0.07472326714910937,0.025033695251000077,0.26977384996352277,0.06794313509096973,0.4284,3,4384,1461.33,0,Low Priority
0.6162398418570929,0.09694434511955385,1.2921745282100194,0.2016868768263192,0.4991,1,1282,1282.0,0,Low Priority
0.18251020115078342,0.08776457535435678,0.5757632516717018,0.18654327706868543,0.4801,6,18239,3039.83,0,Low Priority
0.5433895846903942,0.04386085216931801,0.9808400976168226,0.1073528893913496,0.4449,6,8721,1453.5,0,Low Priority
0.15223544082164064,0.05731435682354491,0.4553286712883269,0.13308591297924255,0.4201,1,677,677.0,0,Low Priority
0.13595270664709724,0.04860495798538156,0.42285810186069916,0.11661812834857027,0.4187,9,5723,635.89,0,Low Priority
0.09220165832837701,0.015437747712176542,0.2827594903759062,0.04550107243833865,0.4332,9,5998,666.44,0,Low Priority
0.2980060409128372,0.09053863795649697,0.8225557218150605,0.19117022084679836,0.4603,8,13106,1638.25,0,Low Priority
0.16299012180778671,0.059153426003876186,0.5106825909962717,0.13649241345243676,0.4454,4,7594,1898.5,0,Low Priority
0.2058014115462452,0.05729456054198734,0.5713450006245346,0.13300085158154445,0.4119,2,3038,1519.0,0,Low Priority
0.17964736382536073,0.06236092351515976,0.5489368462001638,0.14235856749258102,0.4161,8,4166,520.75,0,Low Priority
0.15650255978253402,0.05367824647966524,0.4814986362012557,0.12629048653138047,0.4398,5,3299,659.8,0,Low Priority
0.10146371298536849,0.04048442370417049,0.35206198132875066,0.1006064142343401,0.4117,4,165,41.25,0,Low Priority
0.12825279369450882,0.03854557579507767,0.3953015500920729,0.0967032425394251,0.4415,13,889,68.38,0,Low Priority
0.17387109072263984,0.06176558179249281,0.5204585109538246,0.14128634103068438,0.4525,3,234,78.0,0,Low Priority
0.2028418956550745,0.09419844462412841,0.6289453072030511,0.1972013182776169,0.4622,1,89,89.0,0,Low Priority
0.07785672512067598,0.023605643474187366,0.290091441510905,0.06471593727633494,0.4884,2,276,138.0,0,Low Priority
0.4792270927098504,0.04274141351943039,0.9270233951663343,0.10514059102943876,0.4705,11,5065,460.45,0,Low Priority
0.21968467389794033,0.08153660130139273,0.6619254517457239,0.17589462478382778,0.4869,2,977,488.5,0,Low Priority
0.4725675242356602,0.05943966648635868,0.969725612054361,0.1370217740522377,0.4095,6,4118,686.33,0,Low Priority
0.16499917759520066,0.04700312541214391,0.47545446956603576,0.1135167158996153,0.3992,11,14172,1288.36,0,Low Priority
0.12035577016633148,0.0472929265963673,0.3987987591207579,0.11404203396732761,0.5161,4,276,69.0,0,Low Priority
0.5008679516086386,0.07221804389253206,1.0407520172590228,0.15996546281004392,0.4561,16,4461,278.81,0,Low Priority
0.20562083672248532,0.07055812897276192,0.599416753824323,0.15704793592566516,0.4406,8,9581,1197.63,0,Low Priority
0.1642517612894061,0.055398011903214806,0.49398859336584716,0.1295255729076126,0.4544,14,3299,235.64,0,Low Priority
0.13510673050146738,0.03635156266735218,0.4274224177631295,0.09217353022228802,0.4026,3,1793,597.67,0,Low Priority
0.1340325524840067,0.053902978265336854,0.4275843778625722,0.12671286794437192,0.4088,9,4894,543.78,0,Low Priority
0.13487463767061614,0.046627123658391056,0.41808643766030706,0.1127452718633874,0.4333,2,237,118.5,0,Low Priority
0.1793733880823999,0.06274153535045024,0.5374004190744943,0.14303772560584893,0.447,6,2069,344.83,0,Low Priority
0.2523283576778943,0.09664616599666609,0.7434322097373055,0.20120067657019805,0.4702,14,2184,156.0,0,Low Priority
0.14702594255574764,0.05757649681339205,0.4617983813592247,0.13358162022518455,0.4641,24,17625,734.38,0,Low Priority
0.29048929538386914,0.051719816645285466,0.7172633296827371,0.12257006037941481,0.4066,6,1073,178.83,0,Low Priority
0.3458611556715132,0.03235703356357145,0.7377822103361495,0.08386584196703784,0.4287,26,17575,675.96,0,Low Priority
0.16217831462421484,0.040492450684149084,0.4700132823212796,0.10060118478810548,0.4242,4,6637,1659.25,0,Low Priority
0.16160140558574687,0.06914633897388989,0.5071042379099316,0.1545501119212614,0.4644,21,8988,428.0,0,Low Priority
0.21929285256657138,0.09976445788466226,0.6713732572998748,0.2062450016944168,0.4098,6,3754,625.67,0,Low Priority
0.5467599977689201,0.04330734338222253,1.029848241285949,0.1062619719674908,0.4644,18,23336,1296.44,0,Low Priority
0.5351372627310871,0.054617161731016606,1.0153440830769282,0.12805513963419976,0.4311,3,1186,395.33,0,Low Priority
0.2230505842042413,0.05425364688619527,0.6088372821307692,0.12737626580892125,0.4555,13,3604,277.23,0,Low Priority
0.1779978599122657,0.05865738006811283,0.5280361569263837,0.1355564732548799,0.4893,8,10330,1291.25,0,Low Priority
0.15600605858053707,0.05822956899129783,0.4734386456994143,0.1347848266270685,0.4045,12,4634,386.17,0,Low Priority
0.15402314964959352,0.05188403495236549,0.4635306226799346,0.12287874525591769,0.3823,4,1389,347.25,0,Low Priority
0.2554576705859781,0.06906488215148865,0.7008659602775099,0.15438380452072295,0.4972,19,12389,652.05,0,Low Priority
0.15827357979726908,0.07815728027426272,0.5506682372671062,0.170106867476505,0.4721,6,5633,938.83,0,Low Priority
0.17132385317755983,0.06360261500477249,0.502695673161855,0.14456809415249045,0.5167,5,719,143.8,0,Low Priority
0.13515356338195184,0.0560298826040555,0.4578254916463026,0.1305998447389217,0.3348,1,0,0.0,0,Low Priority
0.27056603994678363,0.11526628154118779,0.7926133970757157,0.23081097289167485,0.4666,6,13797,2299.5,1,High Priority
0.19258236865500267,0.09236626642557144,0.6051481836412107,0.19418216043131503,0.4565,16,5984,374.0,0,Low Priority
0.37097566889873934,0.16306801361541767,1.029751536394096,0.30150209592915805,0.4747,22,9913,450.59,1,High Priority
0.3552477328752136,0.17313686561172814,1.0099873317070753,0.3156050535425585,0.4446,4,2375,593.75,0,Low Priority
0.2838298730019505,0.16982709078562508,0.8598439146638839,0.3109910411439761,0.4262,17,8336,490.35,1,High Priority
0.251544976039872,0.10994074361326789,0.7385927785698257,0.22247886034523554,0.4157,10,5499,549.9,0,Low Priority
0.27506752105634347,0.12346864328227325,0.8005922973179704,0.24343984952349057,0.4743,13,12380,952.31,1,High Priority
0.24725272776880958,0.13514900498085847,0.7446447051288181,0.26103542018631676,0.3901,14,9616,686.86,0,Low Priority
0.26849443743414825,0.13260648923658935,0.7890414918535071,0.2572404920004338,0.4466,10,2981,298.1,0,Low Priority
0.26321050699307924,0.1587710423647427,0.80066552939081,0.2954108289442934,0.4526,10,5782,578.2,1,High Priority
0.24615994473420644,0.112515119908282,0.7284741752922295,0.22652041543859366,0.4311,24,11498,479.08,0,Low Priority
0.20710301330055325,0.10156585043350608,0.6497425187361398,0.2090796481874696,0.4302,3,1356,452.0,0,Low Priority
0.18112840728764057,0.07520112769765908,0.540357651892839,0.16515723887790523,0.4338,8,4077,509.63,0,Low Priority
0.22627824296350574,0.09962318086624067,0.6690583734146156,0.20600933898840823,0.4293,3,2118,706.0,0,Low Priority
0.4918485967303584,0.4185056029601497,1.318266551094246,0.6092621268038152,0.4167,22,10823,491.95,1,High Priority
0.34763978907863313,0.23524231813504615,1.0266519345262248,0.3979315117455484,0.4656,9,2801,311.22,0,Low Priority
0.5357879592060348,0.32495479412365236,1.4015376593488524,0.5060973753696028,0.4619,3,3028,1009.33,0,Low Priority
0.2592007076775561,0.14700711369036268,0.7810640918721672,0.2784864796487559,0.4657,4,1714,428.5,0,Low Priority
0.3690783441222679,0.22081043847279302,1.0696174195589117,0.37943528130241877,0.4507,21,7375,351.19,1,High Priority
0.3134922279979525,0.17727073915728808,0.9028731921650881,0.3212967882608546,0.438,3,4643,1547.67,0,Low Priority
0.335443375795916,0.177836445646535,0.9759180949876147,0.3221060394379105,0.462,3,468,156.0,0,Low Priority
0.33752895562764995,0.17399074989450236,0.9688868095004501,0.3167857579918344,0.4579,22,6605,300.23,1,High Priority
0.2883187575734285,0.1763833959530573,0.8695862251883215,0.32010005961312316,0.4057,8,4602,575.25,0,Low Priority
0.49214786925050513,0.4400744391118392,1.3548728634046356,0.6319486856442543,0.4373,11,19399,1763.55,1,High Priority
0.5097617094334075,0.40033717287887594,1.415799385872015,0.5898759969046521,0.4293,17,13314,783.18,1,High Priority
0.5529636819962177,0.48359474782911105,1.3803215283420676,0.676610891341725,0.4126,6,3560,593.33,0,Low Priority
0.37455672121324535,0.2488001565146536,1.1029201540794205,0.4149953462976795,0.4494,6,6632,1105.33,1,High Priority
0.22046906607382488,0.11923731699012596,0.6736497887771908,0.23685803096478275,0.4639,4,1230,307.5,0,Low Priority
0.30598393027765125,0.19198478198789204,0.9072287230482338,0.341378038799861,0.4349,4,1163,290.75,0,Low Priority
0.5142889864028444,0.40540139022668475,1.3903387155442282,0.5953084559773597,0.4259,5,2379,475.8,0,Low Priority
0.1803545218016499,0.06713493663159431,0.5388255829921614,0.15095754856177035,0.4829,5,1679,335.8,0,Low Priority
0.426585795227732,0.3054656817640943,1.2237901554564161,0.48347663901881777,0.4597,16,5445,340.31,1,High Priority
0.5525569295314664,0.29429346854359195,1.4674219084124753,0.4703184749193713,0.4168,27,16931,627.07,1,High Priority
0.22522683523847997,0.10915468523491523,0.680629897035018,0.22112496831873138,0.39,3,1244,414.67,0,Low Priority
0.3795061857726818,0.27578723079962164,1.1121909016288625,0.44815271503149784,0.4525,7,3428,489.71,0,Low Priority
0.089588551728769,0.014837091208914521,0.2698015572774811,0.044042587231798026,0.4131,18,13185,732.5,0,Low Priority
0.08170425714256113,0.021579721701055377,0.26756295271786124,0.06013630745198353,0.4157,27,13321,493.37,0,Low Priority
0.14219084073785926,0.02742605961097666,0.4163935968932899,0.07326435070721947,0.4513,24,6352,264.67,0,Low Priority
0.12505146238084175,0.028692621151085174,0.37542817406617235,0.0760262728826802,0.4226,24,9866,411.08,0,Low Priority
0.14318532093775116,0.037114367506981494,0.43671815545751913,0.09378535691085675,0.448,37,13183,356.3,0,Low Priority
0.18455086175579571,0.03625470188753921,0.5078002903684808,0.09201657781204174,0.4365,25,18610,744.4,0,Low Priority
0.1796457111420755,0.1061699166783977,0.5993865043053692,0.21651637030936513,0.4274,26,9137,351.42,0,Low Priority
0.30286495748397624,0.06890146888580351,0.79577869786569,0.1541177754373091,0.4714,27,4772,176.74,0,Low Priority
0.10751864412860979,0.020568119443560517,0.3321309893097827,0.05779412247450248,0.4352,13,5674,436.46,0,Low Priority
0.12957150753115065,0.06332305347759781,0.4434964793709346,0.1441161101074722,0.4253,18,14129,784.94,0,Low Priority
0.11669692160956169,0.03472978667097626,0.3766668707564138,0.0888548144125678,0.4349,5,1790,358.0,0,Low Priority
0.1515524943209231,0.06393867857412261,0.49840120310943803,0.1452297285206356,0.4469,11,3072,279.27,0,Low Priority
0.13863123248973186,0.0291326151739415,0.4079454153681694,0.07698008338549964,0.4242,35,20278,579.37,0,Low Priority
0.30589505476821044,0.08804423214629242,0.8378070927308989,0.18702508150411606,0.4235,26,6383,245.5,0,Low Priority
0.5571641801736789,0.1944204497994656,1.3755282013748449,0.3446636233906444,0.451,31,22319,719.97,1,High Priority
0.5362670118949607,0.08851652822484213,1.1884030601205218,0.18781276689543985,0.4809,5,4451,890.2,0,Low Priority
0.08915268740135551,0.018794465275237204,0.27185952939009095,0.053630396079558815,0.4112,9,7936,881.78,0,Low Priority
0.31377147691388707,0.0848784869460395,0.833302875618502,0.181719086890915,0.4553,29,17595,606.72,0,Low Priority
0.18752894092003825,0.024202350101674375,0.49275159228159987,0.06610711625328938,0.4582,12,18875,1572.92,0,Low Priority
0.3896890135782317,0.08836435660899733,0.8904082130624386,0.1875383305663783,0.3909,3,1822,607.33,0,Low Priority
0.25009023739029057,0.1285306976908701,0.7681635476761401,0.25112283485278153,0.4102,14,3984,284.57,0,Low Priority
0.10403108467762456,0.019860609646120575,0.3155131559673834,0.05614038992422348,0.4062,3,1216,405.33,0,Low Priority
0.1537231719368417,0.027967944607909745,0.43861432712134374,0.07444829366653943,0.4365,5,8416,1683.2,0,Low Priority
0.1886050717770611,0.03790055137238302,0.5247013257896598,0.0953934433228743,0.41,18,9077,504.28,0,Low Priority
0.15811456229902132,0.03483283468040688,0.46597050032501547,0.08907039602630104,0.4476,10,4892,489.2,0,Low Priority
0.08752288082701587,0.01768706425483657,0.2645666946965164,0.05099158220360825,0.4327,9,5797,644.11,0,Low Priority
0.11615720929211182,0.07426662043990506,0.4264655058873849,0.16354462833936081,0.4094,20,8939,446.95,0,Low Priority
0.3048199291033482,0.1549033168250714,0.9090472018989166,0.2898871118941454,0.4564,20,15401,770.05,1,High Priority
0.20879331020796188,0.037718034942156975,0.5499109373611009,0.09502133217716305,0.4477,16,9449,590.56,0,Low Priority
0.3072261555787409,0.24372873647707705,0.9615489244567076,0.40864664833628195,0.4109,29,10605,365.69,1,High Priority
0.5396684652571477,0.38376369798252197,1.4657076389836414,0.5719262068369257,0.4578,36,17109,475.25,1,High Priority
0.2212039156633221,0.04071643681893944,0.5911407154869431,0.1010989937956251,0.4232,20,8882,444.1,0,Low Priority
0.14765428991535867,0.0312535428384797,0.42902540326669825,0.08153309352564261,0.4391,14,8114,579.57,0,Low Priority
0.21769849292956078,0.028659540288533014,0.5548538504503244,0.07595493269918446,0.4348,27,12867,476.56,0,Low Priority
0.10413591473250117,0.04153391257960892,0.35468916849437965,0.10273707322894593,0.4021,8,2125,265.63,0,Low Priority
0.5291472301625997,0.28174982589304454,1.3825077637798135,0.45534330468841355,0.4255,46,16127,350.59,1,High Priority
0.1940899437135759,0.05226608771225072,0.5697276199394694,0.12362544186273583,0.4939,6,4280,713.33,0,Low Priority
0.4042710805408708,0.24439505503580228,1.1583384015667983,0.4094843845933317,0.443,38,14940,393.16,1,High Priority
0.18043328631507005,0.08648467555991157,0.5820905154363244,0.18441634794353462,0.4314,15,11182,745.47,0,Low Priority
0.11134119669977915,0.03899811474412107,0.3591437689181308,0.0976279298960343,0.4018,22,21241,965.5,0,Low Priority
0.6942373197217382,0.2529948390082065,1.6477845360733294,0.42022152562382414,0.517,2,1411,705.5,0,Low Priority
0.33782763992010256,0.2032238594652278,0.9915760549734658,0.3564061449979123,0.4323,34,5837,171.68,1,High Priority
0.09257670460315781,0.029677222503335265,0.3043692297442265,0.07815290164805637,0.4268,22,8069,366.77,0,Low Priority
0.19354051378189852,0.10638965713909487,0.6313700930966251,0.2168668162319408,0.4239,25,8265,330.6,0,Low Priority
0.11631868862237082,0.04796669089350736,0.40000528751673586,0.11539129633263456,0.4118,13,3821,293.92,0,Low Priority
0.12476945258537808,0.027587234924358217,0.378814204928146,0.07361704645590329,0.4221,27,11138,412.52,0,Low Priority
0.1306883684811858,0.03531843039364502,0.4055871518983015,0.09006773484401139,0.4339,4,2872,718.0,0,Low Priority
0.11743119253881706,0.04310535223088596,0.3761202980573817,0.10586720593135567,0.4592,17,3024,177.88,0,Low Priority
0.24391909887406693,0.0893290292204365,0.7127904520048512,0.1891615593994148,0.4834,5,3300,660.0,0,Low Priority
0.11818893394914887,0.022611195999060474,0.344696116849315,0.06250130054790184,0.4239,19,5319,279.95,0,Low Priority
0.10602652524079736,0.02127904987583129,0.3131275583924404,0.05944237878496029,0.427,15,10954,730.27,0,Low Priority
0.18929425644136777,0.03767667237923322,0.5270018941541684,0.09493728000101502,0.4488,7,10881,1554.43,0,Low Priority
0.19486352339198854,0.08755206808580185,0.6084100718681895,0.18620113549706147,0.4212,23,5560,241.74,0,Low Priority
0.15927380527154245,0.029057955824550175,0.4519860253860459,0.07681907924573293,0.4445,20,22471,1123.55,0,Low Priority
0.1245421663485532,0.04358226550632649,0.39720504426173164,0.1068110223295021,0.438,16,9424,589.0,0,Low Priority
0.3218865004679602,0.15759401922653016,0.9310971410665129,0.2937345223798154,0.4113,38,20458,538.37,1,High Priority
0.12380009998713781,0.024523576676068304,0.3627826972594843,0.0668257570229688,0.4616,3,3856,1285.33,0,Low Priority
0.33895030566060047,0.1065539702635162,0.8973030596686913,0.2171274715220634,0.4016,9,2311,256.78,0,Low Priority
0.07346273379911805,0.013565730169484369,0.23484835644689978,0.04085873840793044,0.4246,4,5697,1424.25,0,Low Priority
0.2270788557067348,0.032562941804263,0.5944817953692674,0.08431191703719715,0.5104,9,13941,1549.0,0,Low Priority
0.0905607497544767,0.012835811453536516,0.25545389767341875,0.03900530579520366,0.4688,15,16272,1084.8,0,Low Priority
0.1840695270118905,0.02559796613164189,0.48500008194763167,0.06922784027096936,0.4377,11,10213,928.45,0,Low Priority
0.2782840191739704,0.0637135906405738,0.6645673233754859,0.1448089612075789,0.4005,9,13316,1479.56,0,Low Priority
0.0859154618567245,0.016445655711031515,0.27412903398677674,0.04799097519559861,0.3967,5,4497,899.4,0,Low Priority
0.15015796337373455,0.034031603518468345,0.4458179371072952,0.08739741311693483,0.49,15,11893,792.87,0,Low Priority
0.10932782363248539,0.02876165795961505,0.34195354302720743,0.07617442683831772,0.3922,4,10245,2561.25,0,Low Priority
0.15721294404530006,0.028722146759619482,0.43744245020212325,0.07608925235344913,0.4191,10,11488,1148.8,0,Low Priority
0.08853635543536698,0.016415725517316626,0.2724014571437061,0.04792036637498902,0.4692,1,1460,1460.0,0,Low Priority
0.3300423785716343,0.133115725942352,0.9140993339103455,0.25800710977929303,0.4066,9,7762,862.44,1,High Priority
0.2688069295199129,0.02964488109274166,0.6566636996318642,0.07808674440181736,0.4864,9,11437,1270.78,0,Low Priority
0.267899931111096,0.03998338386162903,0.6167019052235714,0.0996192554780225,0.4748,2,1995,997.5,0,Low Priority
0.11208195390728548,0.0228769860104423,0.3342745066761049,0.06310640173249456,0.4597,5,2405,481.0,0,Low Priority
0.21822757138560767,0.02335348875378873,0.5444999456752218,0.06418963089822956,0.4478,6,5602,933.67,0,Low Priority
0.15415309819534673,0.022679253629402707,0.4239536146088554,0.062655657252416,0.4046,9,6969,774.33,0,Low Priority
0.09693592240130267,0.013820918367361656,0.286773646888155,0.041503045494631186,0.4728,6,18285,3047.5,0,Low Priority
0.12027905604124378,0.027281193438071005,0.35953282803141673,0.07294365670870363,0.381,11,14512,1319.27,0,Low Priority
0.20303239035597753,0.03003643994221261,0.540897866934211,0.07892839567080705,0.503,19,23587,1241.42,0,Low Priority
0.09363396098616317,0.018388507106197327,0.29344524792114823,0.05266086817884475,0.4298,3,3517,1172.33,0,Low Priority
0.10179779782897613,0.016330731795880515,0.3076926878143479,0.04770968601803492,0.5444,2,932,466.0,0,Low Priority
0.09129687369878503,0.026828940060237838,0.3053563202845791,0.07194560307823278,0.4962,6,4610,768.33,0,Low Priority
0.18334834998439054,0.03980026692396221,0.49311883147157365,0.09925141249743276,0.4335,4,8231,2057.75,0,Low Priority
0.13493828695875543,0.02783994935453138,0.4028924126701726,0.0741694395014343,0.4262,17,10753,632.53,0,Low Priority
0.25494755437728556,0.03158040293915898,0.6279983346104414,0.08222961058866092,0.4694,6,22485,3747.5,0,Low Priority
0.12223290293222888,0.022091222291704016,0.3620988426525985,0.06131114069074192,0.4831,16,11928,745.5,0,Low Priority
0.09872014721537181,0.02143765712827772,0.2953502283809253,0.059806307908166594,0.4437,4,5064,1266.0,0,Low Priority
0.113321845387792,0.021202340937682362,0.3220332867336295,0.05926341892357617,0.4058,2,2978,1489.0,0,Low Priority
0.0867857789212545,0.016428407597709804,0.25953510210861075,0.04794674970990616,0.3971,14,15485,1106.07,0,Low Priority
0.07705335185320905,0.0126713415575197,0.2251118165304622,0.03858543670294437,0.4621,4,2280,570.0,0,Low Priority
0.10797358797600842,0.026185781099705485,0.33420009843456366,0.07053087831698673,0.5097,11,17485,1589.55,0,Low Priority
0.06340793815484447,0.011866204948566494,0.20279771379869754,0.03651439207674119,0.4666,3,4521,1507.0,0,Low Priority
0.09184820055984522,0.02028714251929742,0.279978636986092,0.057137531517197755,0.4175,3,5215,1738.33,0,Low Priority
0.7576332025890582,0.35853779139518593,1.9033319237006157,0.5441198512817983,0.4621,1,1394,1394.0,0,Low Priority
0.7328444903104412,0.3942790018797203,1.8677370923279035,0.5833438816335679,0.4658,20,20020,1001.0,1,High Priority
0.4612355859766911,0.23475393059348304,1.27140106508374,0.3973104719205198,0.4862,1,788,788.0,0,Low Priority
0.5741642090898501,0.3556531881313725,1.4965151979950995,0.5408802216539965,0.4277,9,16622,1846.89,1,High Priority
0.723361637873293,0.4720290545769288,1.7520522506398115,0.66490771598478,0.4608,3,4808,1602.67,1,High Priority
0.3793584412529911,0.24757024522570303,1.105380275051507,0.41342692139843895,0.3965,4,5845,1461.25,1,High Priority
0.631871814136571,0.4572454404748475,1.638730026291205,0.6497580415500626,0.4786,6,4957,826.17,1,High Priority
0.46645932513050414,0.2547139657784542,1.2711806375336452,0.4223538509008651,0.4473,1,125,125.0,0,Low Priority
0.7234002616864695,0.36084864370840564,1.8575053321097088,0.5466926019481887,0.4496,2,2490,1245.0,0,Low Priority
0.6942457208803705,0.2639929700306478,1.6732293010599797,0.4337922439879883,0.5079,3,2689,896.33,0,Low Priority
0.7686839653514356,0.4865549840141806,1.9568771392015702,0.6796406207197092,0.4508,1,363,363.0,0,Low Priority
0.7109361412308632,0.3766947272918362,1.7536474200716905,0.564195433530849,0.4652,6,7277,1212.83,1,High Priority
0.5890021812603378,0.45388201152578955,1.5329580823107671,0.6462909773884393,0.4728,2,1188,594.0,0,Low Priority
0.7618468255822661,0.40547238920292394,1.9497490948270868,0.5953889855542567,0.4147,1,1104,1104.0,0,Low Priority
0.56189645255851,0.41122898676109365,1.5109931713767775,0.601541986368138,0.4512,1,20,20.0,0,Low Priority
